geo_accn,sample id,source,age_years,er_status_ihc,pr_status_ihc,her2_status,er_status_ihc_esr1_for indeterminate,clinical_t_stage,clinical_nodal_status,clinical_ajcc_stage,grade,pathologic_response_pcr_rd,pathologic_response_rcb_class,drfs_1_event_0_censored,drfs_even_time_years,esr1_status,erbb2_status,set_class,chemosensitivity_prediction,ggi_class,pam50_class,dlda30_prediction,rcb_0_i_prediction,tissue
GSM615096,sample id: 1002,source: ISPY,age_years: 37.8,er_status_ihc: P,pr_status_ihc: P,her2_status: N,er_status_ihc_esr1_for indeterminate: P,clinical_t_stage: T2,clinical_nodal_status: N1,clinical_ajcc_stage: IIB,grade: 2,pathologic_response_pcr_rd: RD,pathologic_response_rcb_class: RCB-III,drfs_1_event_0_censored: 1,drfs_even_time_years: 2.346,esr1_status: P,erbb2_status: N,set_class: SET-High,chemosensitivity_prediction: Rx Sensitive,ggi_class: Low,pam50_class: LumA,dlda30_prediction: RD,rcb_0_i_prediction: RCB-0/I,tissue: breast cancer tumor
GSM615097,sample id: 1005,source: ISPY,age_years: 45.8,er_status_ihc: P,pr_status_ihc: P,her2_status: N,er_status_ihc_esr1_for indeterminate: P,clinical_t_stage: T3,clinical_nodal_status: N1,clinical_ajcc_stage: IIIA,grade: 2,pathologic_response_pcr_rd: RD,pathologic_response_rcb_class: NA,drfs_1_event_0_censored: 0,drfs_even_time_years: 5.552,esr1_status: P,erbb2_status: N,set_class: SET-Int,chemosensitivity_prediction: Rx Sensitive,ggi_class: Low,pam50_class: Normal,dlda30_prediction: RD,rcb_0_i_prediction: RCB-0/I,tissue: breast cancer tumor
GSM615098,sample id: 1009,source: ISPY,age_years: 40.7,er_status_ihc: N,pr_status_ihc: N,her2_status: N,er_status_ihc_esr1_for indeterminate: N,clinical_t_stage: T3,clinical_nodal_status: N0,clinical_ajcc_stage: IIB,grade: 3,pathologic_response_pcr_rd: RD,pathologic_response_rcb_class: RCB-II,drfs_1_event_0_censored: 0,drfs_even_time_years: 5.503,esr1_status: N,erbb2_status: N,set_class: SET-Low,chemosensitivity_prediction: Rx Insensitive,ggi_class: High,pam50_class: Basal,dlda30_prediction: pCR,rcb_0_i_prediction: RCB-II/III,tissue: breast cancer tumor
GSM615099,sample id: 1011,source: ISPY,age_years: 40.8,er_status_ihc: N,pr_status_ihc: N,her2_status: N,er_status_ihc_esr1_for indeterminate: N,clinical_t_stage: T2,clinical_nodal_status: N1,clinical_ajcc_stage: IIB,grade: 4=Indeterminate,pathologic_response_pcr_rd: pCR,pathologic_response_rcb_class: RCB-0/I,drfs_1_event_0_censored: 0,drfs_even_time_years: 5.424,esr1_status: N,erbb2_status: N,set_class: SET-Low,chemosensitivity_prediction: Rx Insensitive,ggi_class: High,pam50_class: Basal,dlda30_prediction: pCR,rcb_0_i_prediction: RCB-0/I,tissue: breast cancer tumor
GSM615100,sample id: 1016,source: ISPY,age_years: 35.5,er_status_ihc: P,pr_status_ihc: P,her2_status: N,er_status_ihc_esr1_for indeterminate: P,clinical_t_stage: T3,clinical_nodal_status: N1,clinical_ajcc_stage: IIIA,grade: 2,pathologic_response_pcr_rd: RD,pathologic_response_rcb_class: RCB-II,drfs_1_event_0_censored: 1,drfs_even_time_years: 1.580,esr1_status: P,erbb2_status: N,set_class: SET-Low,chemosensitivity_prediction: Rx Insensitive,ggi_class: High,pam50_class: LumA,dlda30_prediction: RD,rcb_0_i_prediction: RCB-II/III,tissue: breast cancer tumor
GSM615101,sample id: 1019,source: ISPY,age_years: 52.2,er_status_ihc: N,pr_status_ihc: N,her2_status: N,er_status_ihc_esr1_for indeterminate: N,clinical_t_stage: T4,clinical_nodal_status: N0,clinical_ajcc_stage: IIIB,grade: 3,pathologic_response_pcr_rd: RD,pathologic_response_rcb_class: RCB-II,drfs_1_event_0_censored: 0,drfs_even_time_years: 5.205,esr1_status: N,erbb2_status: N,set_class: SET-Low,chemosensitivity_prediction: Rx Insensitive,ggi_class: High,pam50_class: Basal,dlda30_prediction: pCR,rcb_0_i_prediction: RCB-II/III,tissue: breast cancer tumor
GSM615102,sample id: 1027,source: ISPY,age_years: 38.2,er_status_ihc: N,pr_status_ihc: N,her2_status: I,er_status_ihc_esr1_for indeterminate: N,clinical_t_stage: T2,clinical_nodal_status: N0,clinical_ajcc_stage: IIA,grade: 4=Indeterminate,pathologic_response_pcr_rd: RD,pathologic_response_rcb_class: RCB-II,drfs_1_event_0_censored: 1,drfs_even_time_years: 2.732,esr1_status: N,erbb2_status: N,set_class: SET-Low,chemosensitivity_prediction: Rx Insensitive,ggi_class: High,pam50_class: Basal,dlda30_prediction: pCR,rcb_0_i_prediction: RCB-II/III,tissue: breast cancer tumor
GSM615103,sample id: 1031,source: ISPY,age_years: 54.2,er_status_ihc: I,pr_status_ihc: I,her2_status: NA,er_status_ihc_esr1_for indeterminate: P,clinical_t_stage: T3,clinical_nodal_status: N1,clinical_ajcc_stage: IIIA,grade: NA,pathologic_response_pcr_rd: RD,pathologic_response_rcb_class: NA,drfs_1_event_0_censored: 0,drfs_even_time_years: 5.300,esr1_status: P,erbb2_status: N,set_class: SET-Int,chemosensitivity_prediction: Rx Sensitive,ggi_class: High,pam50_class: LumA,dlda30_prediction: RD,rcb_0_i_prediction: RCB-II/III,tissue: breast cancer tumor
GSM615104,sample id: 1034,source: ISPY,age_years: 46.6,er_status_ihc: N,pr_status_ihc: N,her2_status: N,er_status_ihc_esr1_for indeterminate: N,clinical_t_stage: T3,clinical_nodal_status: N3,clinical_ajcc_stage: IIIC,grade: 4=Indeterminate,pathologic_response_pcr_rd: RD,pathologic_response_rcb_class: RCB-III,drfs_1_event_0_censored: 1,drfs_even_time_years: 0.783,esr1_status: N,erbb2_status: N,set_class: SET-Low,chemosensitivity_prediction: Rx Insensitive,ggi_class: High,pam50_class: Basal,dlda30_prediction: pCR,rcb_0_i_prediction: RCB-II/III,tissue: breast cancer tumor
GSM615105,sample id: 1035,source: ISPY,age_years: 40.8,er_status_ihc: P,pr_status_ihc: P,her2_status: P,er_status_ihc_esr1_for indeterminate: P,clinical_t_stage: T4,clinical_nodal_status: N3,clinical_ajcc_stage: IIIC,grade: 2,pathologic_response_pcr_rd: NA,pathologic_response_rcb_class: NA,drfs_1_event_0_censored: 1,drfs_even_time_years: 0.000,esr1_status: P,erbb2_status: N,set_class: SET-Low,chemosensitivity_prediction: Rx Insensitive,ggi_class: High,pam50_class: LumA,dlda30_prediction: RD,rcb_0_i_prediction: RCB-0/I,tissue: breast cancer tumor
GSM615106,sample id: 1037,source: ISPY,age_years: 51.1,er_status_ihc: N,pr_status_ihc: N,her2_status: N,er_status_ihc_esr1_for indeterminate: N,clinical_t_stage: T3,clinical_nodal_status: N1,clinical_ajcc_stage: IIIA,grade: 4=Indeterminate,pathologic_response_pcr_rd: RD,pathologic_response_rcb_class: RCB-II,drfs_1_event_0_censored: 0,drfs_even_time_years: 4.156,esr1_status: N,erbb2_status: N,set_class: SET-Low,chemosensitivity_prediction: Rx Insensitive,ggi_class: High,pam50_class: Basal,dlda30_prediction: pCR,rcb_0_i_prediction: RCB-II/III,tissue: breast cancer tumor
GSM615107,sample id: 1038,source: ISPY,age_years: 37.8,er_status_ihc: N,pr_status_ihc: N,her2_status: N,er_status_ihc_esr1_for indeterminate: N,clinical_t_stage: T3,clinical_nodal_status: N1,clinical_ajcc_stage: IIIA,grade: 4=Indeterminate,pathologic_response_pcr_rd: RD,pathologic_response_rcb_class: RCB-0/I,drfs_1_event_0_censored: 0,drfs_even_time_years: 4.370,esr1_status: N,erbb2_status: N,set_class: SET-Low,chemosensitivity_prediction: Rx Insensitive,ggi_class: High,pam50_class: Basal,dlda30_prediction: pCR,rcb_0_i_prediction: RCB-0/I,tissue: breast cancer tumor
GSM615108,sample id: 1041,source: ISPY,age_years: 46.6,er_status_ihc: P,pr_status_ihc: P,her2_status: P,er_status_ihc_esr1_for indeterminate: P,clinical_t_stage: T3,clinical_nodal_status: N3,clinical_ajcc_stage: IIIC,grade: 3,pathologic_response_pcr_rd: RD,pathologic_response_rcb_class: RCB-III,drfs_1_event_0_censored: 0,drfs_even_time_years: 4.597,esr1_status: P,erbb2_status: N,set_class: SET-Low,chemosensitivity_prediction: Rx Insensitive,ggi_class: High,pam50_class: LumB,dlda30_prediction: RD,rcb_0_i_prediction: RCB-II/III,tissue: breast cancer tumor
GSM615109,sample id: 1044,source: ISPY,age_years: 58.8,er_status_ihc: N,pr_status_ihc: N,her2_status: N,er_status_ihc_esr1_for indeterminate: N,clinical_t_stage: T3,clinical_nodal_status: N1,clinical_ajcc_stage: IIIA,grade: 4=Indeterminate,pathologic_response_pcr_rd: RD,pathologic_response_rcb_class: RCB-III,drfs_1_event_0_censored: 1,drfs_even_time_years: 1.248,esr1_status: N,erbb2_status: N,set_class: SET-Low,chemosensitivity_prediction: Rx Insensitive,ggi_class: High,pam50_class: Basal,dlda30_prediction: pCR,rcb_0_i_prediction: RCB-II/III,tissue: breast cancer tumor
GSM615110,sample id: 1045,source: ISPY,age_years: 49.6,er_status_ihc: I,pr_status_ihc: I,her2_status: NA,er_status_ihc_esr1_for indeterminate: N,clinical_t_stage: T3,clinical_nodal_status: N1,clinical_ajcc_stage: IIIA,grade: 3,pathologic_response_pcr_rd: pCR,pathologic_response_rcb_class: RCB-0/I,drfs_1_event_0_censored: 1,drfs_even_time_years: 0.953,esr1_status: N,erbb2_status: N,set_class: SET-Low,chemosensitivity_prediction: Rx Insensitive,ggi_class: High,pam50_class: Basal,dlda30_prediction: pCR,rcb_0_i_prediction: RCB-0/I,tissue: breast cancer tumor
GSM615111,sample id: 1049,source: ISPY,age_years: 50.4,er_status_ihc: N,pr_status_ihc: N,her2_status: N,er_status_ihc_esr1_for indeterminate: N,clinical_t_stage: T4,clinical_nodal_status: N1,clinical_ajcc_stage: Inflammatory,grade: 4=Indeterminate,pathologic_response_pcr_rd: RD,pathologic_response_rcb_class: RCB-III,drfs_1_event_0_censored: 1,drfs_even_time_years: 0.988,esr1_status: N,erbb2_status: N,set_class: SET-Low,chemosensitivity_prediction: Rx Insensitive,ggi_class: High,pam50_class: Basal,dlda30_prediction: pCR,rcb_0_i_prediction: RCB-II/III,tissue: breast cancer tumor
GSM615112,sample id: 1050,source: ISPY,age_years: 63.2,er_status_ihc: N,pr_status_ihc: N,her2_status: N,er_status_ihc_esr1_for indeterminate: N,clinical_t_stage: T3,clinical_nodal_status: N1,clinical_ajcc_stage: IIIA,grade: 4=Indeterminate,pathologic_response_pcr_rd: RD,pathologic_response_rcb_class: RCB-II,drfs_1_event_0_censored: 1,drfs_even_time_years: 1.832,esr1_status: N,erbb2_status: N,set_class: SET-Low,chemosensitivity_prediction: Rx Insensitive,ggi_class: High,pam50_class: Basal,dlda30_prediction: pCR,rcb_0_i_prediction: RCB-II/III,tissue: breast cancer tumor
GSM615113,sample id: 1054,source: ISPY,age_years: 42.8,er_status_ihc: N,pr_status_ihc: N,her2_status: N,er_status_ihc_esr1_for indeterminate: N,clinical_t_stage: T2,clinical_nodal_status: N1,clinical_ajcc_stage: IIB,grade: 4=Indeterminate,pathologic_response_pcr_rd: RD,pathologic_response_rcb_class: RCB-III,drfs_1_event_0_censored: 1,drfs_even_time_years: 0.307,esr1_status: N,erbb2_status: N,set_class: SET-Low,chemosensitivity_prediction: Rx Insensitive,ggi_class: High,pam50_class: Basal,dlda30_prediction: pCR,rcb_0_i_prediction: RCB-II/III,tissue: breast cancer tumor
GSM615114,sample id: 1055,source: ISPY,age_years: 52.8,er_status_ihc: P,pr_status_ihc: P,her2_status: N,er_status_ihc_esr1_for indeterminate: P,clinical_t_stage: T2,clinical_nodal_status: N0,clinical_ajcc_stage: IIA,grade: 2,pathologic_response_pcr_rd: RD,pathologic_response_rcb_class: RCB-III,drfs_1_event_0_censored: 0,drfs_even_time_years: 4.104,esr1_status: P,erbb2_status: N,set_class: SET-High,chemosensitivity_prediction: Rx Sensitive,ggi_class: Low,pam50_class: LumA,dlda30_prediction: RD,rcb_0_i_prediction: RCB-II/III,tissue: breast cancer tumor
GSM615115,sample id: 1057,source: ISPY,age_years: 44.2,er_status_ihc: N,pr_status_ihc: N,her2_status: N,er_status_ihc_esr1_for indeterminate: N,clinical_t_stage: T4,clinical_nodal_status: N1,clinical_ajcc_stage: Inflammatory,grade: 2,pathologic_response_pcr_rd: RD,pathologic_response_rcb_class: RCB-II,drfs_1_event_0_censored: 1,drfs_even_time_years: 0.151,esr1_status: N,erbb2_status: N,set_class: SET-Low,chemosensitivity_prediction: Rx Insensitive,ggi_class: High,pam50_class: Basal,dlda30_prediction: pCR,rcb_0_i_prediction: RCB-II/III,tissue: breast cancer tumor
GSM615116,sample id: 1061,source: ISPY,age_years: 54.2,er_status_ihc: N,pr_status_ihc: N,her2_status: P,er_status_ihc_esr1_for indeterminate: N,clinical_t_stage: T3,clinical_nodal_status: N1,clinical_ajcc_stage: IIIA,grade: 3,pathologic_response_pcr_rd: RD,pathologic_response_rcb_class: RCB-II,drfs_1_event_0_censored: 1,drfs_even_time_years: 0.964,esr1_status: N,erbb2_status: N,set_class: SET-Low,chemosensitivity_prediction: Rx Insensitive,ggi_class: High,pam50_class: Basal,dlda30_prediction: RD,rcb_0_i_prediction: RCB-II/III,tissue: breast cancer tumor
GSM615117,sample id: 1062,source: ISPY,age_years: 34.6,er_status_ihc: P,pr_status_ihc: P,her2_status: N,er_status_ihc_esr1_for indeterminate: P,clinical_t_stage: T3,clinical_nodal_status: N1,clinical_ajcc_stage: IIIA,grade: 3,pathologic_response_pcr_rd: RD,pathologic_response_rcb_class: RCB-II,drfs_1_event_0_censored: 1,drfs_even_time_years: 0.115,esr1_status: N,erbb2_status: N,set_class: SET-Low,chemosensitivity_prediction: Rx Insensitive,ggi_class: High,pam50_class: Basal,dlda30_prediction: pCR,rcb_0_i_prediction: RCB-II/III,tissue: breast cancer tumor
GSM615118,sample id: 1064,source: ISPY,age_years: 60.1,er_status_ihc: N,pr_status_ihc: N,her2_status: N,er_status_ihc_esr1_for indeterminate: N,clinical_t_stage: T2,clinical_nodal_status: N1,clinical_ajcc_stage: IIB,grade: 3,pathologic_response_pcr_rd: NA,pathologic_response_rcb_class: NA,drfs_1_event_0_censored: 0,drfs_even_time_years: 2.415,esr1_status: N,erbb2_status: N,set_class: SET-Low,chemosensitivity_prediction: Rx Insensitive,ggi_class: High,pam50_class: Basal,dlda30_prediction: pCR,rcb_0_i_prediction: RCB-II/III,tissue: breast cancer tumor
GSM615119,sample id: 1067,source: ISPY,age_years: 58.4,er_status_ihc: N,pr_status_ihc: N,her2_status: N,er_status_ihc_esr1_for indeterminate: N,clinical_t_stage: T2,clinical_nodal_status: N1,clinical_ajcc_stage: IIB,grade: 3,pathologic_response_pcr_rd: NA,pathologic_response_rcb_class: NA,drfs_1_event_0_censored: 1,drfs_even_time_years: 2.872,esr1_status: P,erbb2_status: N,set_class: SET-Low,chemosensitivity_prediction: Rx Insensitive,ggi_class: Low,pam50_class: Basal,dlda30_prediction: RD,rcb_0_i_prediction: RCB-0/I,tissue: breast cancer tumor
GSM615120,sample id: 1068,source: ISPY,age_years: 53.2,er_status_ihc: P,pr_status_ihc: P,her2_status: N,er_status_ihc_esr1_for indeterminate: P,clinical_t_stage: T3,clinical_nodal_status: N0,clinical_ajcc_stage: IIB,grade: 1,pathologic_response_pcr_rd: RD,pathologic_response_rcb_class: RCB-II,drfs_1_event_0_censored: 0,drfs_even_time_years: 4.706,esr1_status: P,erbb2_status: N,set_class: SET-High,chemosensitivity_prediction: Rx Sensitive,ggi_class: Low,pam50_class: LumA,dlda30_prediction: RD,rcb_0_i_prediction: RCB-II/III,tissue: breast cancer tumor
GSM615121,sample id: 1074,source: ISPY,age_years: 36.5,er_status_ihc: P,pr_status_ihc: N,her2_status: NA,er_status_ihc_esr1_for indeterminate: P,clinical_t_stage: T3,clinical_nodal_status: N1,clinical_ajcc_stage: IIIA,grade: 3,pathologic_response_pcr_rd: RD,pathologic_response_rcb_class: RCB-II,drfs_1_event_0_censored: 0,drfs_even_time_years: 4.222,esr1_status: P,erbb2_status: N,set_class: SET-Low,chemosensitivity_prediction: Rx Insensitive,ggi_class: High,pam50_class: LumB,dlda30_prediction: RD,rcb_0_i_prediction: RCB-II/III,tissue: breast cancer tumor
GSM615122,sample id: 1078,source: ISPY,age_years: 31.3,er_status_ihc: P,pr_status_ihc: P,her2_status: N,er_status_ihc_esr1_for indeterminate: P,clinical_t_stage: T3,clinical_nodal_status: N1,clinical_ajcc_stage: IIIA,grade: 2,pathologic_response_pcr_rd: pCR,pathologic_response_rcb_class: RCB-0/I,drfs_1_event_0_censored: 0,drfs_even_time_years: 3.822,esr1_status: P,erbb2_status: N,set_class: SET-Int,chemosensitivity_prediction: Rx Sensitive,ggi_class: Low,pam50_class: LumA,dlda30_prediction: RD,rcb_0_i_prediction: RCB-0/I,tissue: breast cancer tumor
GSM615123,sample id: 1088,source: ISPY,age_years: 53.1,er_status_ihc: P,pr_status_ihc: P,her2_status: N,er_status_ihc_esr1_for indeterminate: P,clinical_t_stage: T2,clinical_nodal_status: N0,clinical_ajcc_stage: IIA,grade: 3,pathologic_response_pcr_rd: pCR,pathologic_response_rcb_class: RCB-0/I,drfs_1_event_0_censored: 0,drfs_even_time_years: 4.304,esr1_status: P,erbb2_status: N,set_class: SET-Low,chemosensitivity_prediction: Rx Sensitive,ggi_class: High,pam50_class: LumB,dlda30_prediction: RD,rcb_0_i_prediction: RCB-0/I,tissue: breast cancer tumor
GSM615124,sample id: 1089,source: ISPY,age_years: 61.0,er_status_ihc: P,pr_status_ihc: P,her2_status: N,er_status_ihc_esr1_for indeterminate: P,clinical_t_stage: T4,clinical_nodal_status: N2,clinical_ajcc_stage: IIIB,grade: 2,pathologic_response_pcr_rd: RD,pathologic_response_rcb_class: RCB-II,drfs_1_event_0_censored: 0,drfs_even_time_years: 4.162,esr1_status: P,erbb2_status: N,set_class: SET-High,chemosensitivity_prediction: Rx Sensitive,ggi_class: High,pam50_class: Basal,dlda30_prediction: RD,rcb_0_i_prediction: RCB-II/III,tissue: breast cancer tumor
GSM615125,sample id: 1092,source: ISPY,age_years: 44.1,er_status_ihc: P,pr_status_ihc: P,her2_status: N,er_status_ihc_esr1_for indeterminate: P,clinical_t_stage: T2,clinical_nodal_status: N0,clinical_ajcc_stage: IIA,grade: 2,pathologic_response_pcr_rd: RD,pathologic_response_rcb_class: RCB-0/I,drfs_1_event_0_censored: 0,drfs_even_time_years: 4.074,esr1_status: P,erbb2_status: N,set_class: SET-High,chemosensitivity_prediction: Rx Sensitive,ggi_class: Low,pam50_class: Normal,dlda30_prediction: RD,rcb_0_i_prediction: RCB-0/I,tissue: breast cancer tumor
GSM615126,sample id: 1095,source: ISPY,age_years: 43.6,er_status_ihc: P,pr_status_ihc: P,her2_status: N,er_status_ihc_esr1_for indeterminate: P,clinical_t_stage: T4,clinical_nodal_status: N0,clinical_ajcc_stage: Inflammatory,grade: 3,pathologic_response_pcr_rd: RD,pathologic_response_rcb_class: RCB-III,drfs_1_event_0_censored: 0,drfs_even_time_years: 3.800,esr1_status: P,erbb2_status: N,set_class: SET-High,chemosensitivity_prediction: Rx Sensitive,ggi_class: High,pam50_class: LumA,dlda30_prediction: RD,rcb_0_i_prediction: RCB-II/III,tissue: breast cancer tumor
GSM615127,sample id: 1100,source: ISPY,age_years: 63.3,er_status_ihc: P,pr_status_ihc: N,her2_status: N,er_status_ihc_esr1_for indeterminate: P,clinical_t_stage: T2,clinical_nodal_status: N0,clinical_ajcc_stage: IIA,grade: 2,pathologic_response_pcr_rd: RD,pathologic_response_rcb_class: RCB-II,drfs_1_event_0_censored: 0,drfs_even_time_years: 4.126,esr1_status: P,erbb2_status: N,set_class: SET-Low,chemosensitivity_prediction: Rx Insensitive,ggi_class: High,pam50_class: LumA,dlda30_prediction: RD,rcb_0_i_prediction: RCB-II/III,tissue: breast cancer tumor
GSM615128,sample id: 1106,source: ISPY,age_years: 50.4,er_status_ihc: P,pr_status_ihc: P,her2_status: N,er_status_ihc_esr1_for indeterminate: P,clinical_t_stage: T4,clinical_nodal_status: N1,clinical_ajcc_stage: IIIB,grade: NA,pathologic_response_pcr_rd: RD,pathologic_response_rcb_class: RCB-II,drfs_1_event_0_censored: 1,drfs_even_time_years: 1.344,esr1_status: P,erbb2_status: N,set_class: SET-Low,chemosensitivity_prediction: Rx Insensitive,ggi_class: High,pam50_class: LumB,dlda30_prediction: RD,rcb_0_i_prediction: RCB-II/III,tissue: breast cancer tumor
GSM615129,sample id: 1113,source: ISPY,age_years: 53.5,er_status_ihc: P,pr_status_ihc: P,her2_status: N,er_status_ihc_esr1_for indeterminate: P,clinical_t_stage: T2,clinical_nodal_status: N1,clinical_ajcc_stage: IIB,grade: 4=Indeterminate,pathologic_response_pcr_rd: RD,pathologic_response_rcb_class: RCB-0/I,drfs_1_event_0_censored: 0,drfs_even_time_years: 2.954,esr1_status: P,erbb2_status: N,set_class: SET-Low,chemosensitivity_prediction: Rx Sensitive,ggi_class: High,pam50_class: LumB,dlda30_prediction: RD,rcb_0_i_prediction: RCB-0/I,tissue: breast cancer tumor
GSM615130,sample id: 1114,source: ISPY,age_years: 44.8,er_status_ihc: P,pr_status_ihc: P,her2_status: N,er_status_ihc_esr1_for indeterminate: P,clinical_t_stage: T4,clinical_nodal_status: N1,clinical_ajcc_stage: IIIB,grade: 2,pathologic_response_pcr_rd: RD,pathologic_response_rcb_class: RCB-II,drfs_1_event_0_censored: 0,drfs_even_time_years: 4.019,esr1_status: N,erbb2_status: N,set_class: SET-Low,chemosensitivity_prediction: Rx Insensitive,ggi_class: Low,pam50_class: Her2,dlda30_prediction: RD,rcb_0_i_prediction: RCB-II/III,tissue: breast cancer tumor
GSM615131,sample id: 1123,source: ISPY,age_years: 61.9,er_status_ihc: P,pr_status_ihc: P,her2_status: I,er_status_ihc_esr1_for indeterminate: P,clinical_t_stage: T3,clinical_nodal_status: N1,clinical_ajcc_stage: IIIA,grade: 4=Indeterminate,pathologic_response_pcr_rd: RD,pathologic_response_rcb_class: RCB-III,drfs_1_event_0_censored: 0,drfs_even_time_years: 2.883,esr1_status: P,erbb2_status: N,set_class: SET-Low,chemosensitivity_prediction: Rx Insensitive,ggi_class: Low,pam50_class: LumA,dlda30_prediction: RD,rcb_0_i_prediction: RCB-II/III,tissue: breast cancer tumor
GSM615132,sample id: 1127,source: ISPY,age_years: 47.6,er_status_ihc: P,pr_status_ihc: P,her2_status: I,er_status_ihc_esr1_for indeterminate: P,clinical_t_stage: T2,clinical_nodal_status: N0,clinical_ajcc_stage: IIA,grade: 2,pathologic_response_pcr_rd: RD,pathologic_response_rcb_class: RCB-III,drfs_1_event_0_censored: 0,drfs_even_time_years: 1.574,esr1_status: P,erbb2_status: N,set_class: SET-Low,chemosensitivity_prediction: Rx Insensitive,ggi_class: High,pam50_class: LumA,dlda30_prediction: RD,rcb_0_i_prediction: RCB-II/III,tissue: breast cancer tumor
GSM615133,sample id: 1132,source: ISPY,age_years: 51.4,er_status_ihc: P,pr_status_ihc: P,her2_status: N,er_status_ihc_esr1_for indeterminate: P,clinical_t_stage: T2,clinical_nodal_status: N0,clinical_ajcc_stage: IIA,grade: 1,pathologic_response_pcr_rd: RD,pathologic_response_rcb_class: RCB-III,drfs_1_event_0_censored: 0,drfs_even_time_years: 3.617,esr1_status: P,erbb2_status: N,set_class: SET-High,chemosensitivity_prediction: Rx Sensitive,ggi_class: Low,pam50_class: LumA,dlda30_prediction: RD,rcb_0_i_prediction: RCB-II/III,tissue: breast cancer tumor
GSM615134,sample id: 1134,source: ISPY,age_years: 43.1,er_status_ihc: P,pr_status_ihc: P,her2_status: N,er_status_ihc_esr1_for indeterminate: P,clinical_t_stage: T2,clinical_nodal_status: N1,clinical_ajcc_stage: IIB,grade: 1,pathologic_response_pcr_rd: RD,pathologic_response_rcb_class: RCB-III,drfs_1_event_0_censored: 0,drfs_even_time_years: 3.696,esr1_status: P,erbb2_status: N,set_class: SET-Low,chemosensitivity_prediction: Rx Insensitive,ggi_class: Low,pam50_class: Normal,dlda30_prediction: RD,rcb_0_i_prediction: RCB-II/III,tissue: breast cancer tumor
GSM615135,sample id: 1135,source: ISPY,age_years: 58.9,er_status_ihc: N,pr_status_ihc: N,her2_status: N,er_status_ihc_esr1_for indeterminate: N,clinical_t_stage: T2,clinical_nodal_status: N1,clinical_ajcc_stage: IIB,grade: 3,pathologic_response_pcr_rd: RD,pathologic_response_rcb_class: RCB-III,drfs_1_event_0_censored: 0,drfs_even_time_years: 3.841,esr1_status: N,erbb2_status: N,set_class: SET-Low,chemosensitivity_prediction: Rx Insensitive,ggi_class: Low,pam50_class: Normal,dlda30_prediction: RD,rcb_0_i_prediction: RCB-II/III,tissue: breast cancer tumor
GSM615136,sample id: 1136,source: ISPY,age_years: 60.0,er_status_ihc: N,pr_status_ihc: N,her2_status: N,er_status_ihc_esr1_for indeterminate: N,clinical_t_stage: T3,clinical_nodal_status: N1,clinical_ajcc_stage: IIIA,grade: 3,pathologic_response_pcr_rd: RD,pathologic_response_rcb_class: RCB-III,drfs_1_event_0_censored: 1,drfs_even_time_years: 0.545,esr1_status: N,erbb2_status: N,set_class: SET-Low,chemosensitivity_prediction: Rx Insensitive,ggi_class: High,pam50_class: Basal,dlda30_prediction: pCR,rcb_0_i_prediction: RCB-II/III,tissue: breast cancer tumor
GSM615137,sample id: 1138,source: ISPY,age_years: 35.1,er_status_ihc: P,pr_status_ihc: N,her2_status: N,er_status_ihc_esr1_for indeterminate: P,clinical_t_stage: T3,clinical_nodal_status: N1,clinical_ajcc_stage: IIIA,grade: 4=Indeterminate,pathologic_response_pcr_rd: pCR,pathologic_response_rcb_class: RCB-0/I,drfs_1_event_0_censored: 0,drfs_even_time_years: 2.464,esr1_status: N,erbb2_status: N,set_class: SET-Low,chemosensitivity_prediction: Rx Sensitive,ggi_class: High,pam50_class: Basal,dlda30_prediction: pCR,rcb_0_i_prediction: RCB-0/I,tissue: breast cancer tumor
GSM615138,sample id: 1140,source: ISPY,age_years: 35.1,er_status_ihc: P,pr_status_ihc: N,her2_status: N,er_status_ihc_esr1_for indeterminate: P,clinical_t_stage: T3,clinical_nodal_status: N1,clinical_ajcc_stage: IIIA,grade: 2,pathologic_response_pcr_rd: RD,pathologic_response_rcb_class: RCB-II,drfs_1_event_0_censored: 0,drfs_even_time_years: 3.904,esr1_status: P,erbb2_status: N,set_class: SET-Low,chemosensitivity_prediction: Rx Insensitive,ggi_class: High,pam50_class: LumB,dlda30_prediction: RD,rcb_0_i_prediction: RCB-II/III,tissue: breast cancer tumor
GSM615139,sample id: 1144,source: ISPY,age_years: 56.3,er_status_ihc: N,pr_status_ihc: N,her2_status: NA,er_status_ihc_esr1_for indeterminate: N,clinical_t_stage: T2,clinical_nodal_status: N1,clinical_ajcc_stage: IIB,grade: 3,pathologic_response_pcr_rd: pCR,pathologic_response_rcb_class: RCB-0/I,drfs_1_event_0_censored: 0,drfs_even_time_years: 2.360,esr1_status: N,erbb2_status: N,set_class: SET-Low,chemosensitivity_prediction: Rx Sensitive,ggi_class: High,pam50_class: Her2,dlda30_prediction: pCR,rcb_0_i_prediction: RCB-0/I,tissue: breast cancer tumor
GSM615140,sample id: 1145,source: ISPY,age_years: 39.4,er_status_ihc: N,pr_status_ihc: N,her2_status: P,er_status_ihc_esr1_for indeterminate: N,clinical_t_stage: T3,clinical_nodal_status: N1,clinical_ajcc_stage: IIIA,grade: 2,pathologic_response_pcr_rd: pCR,pathologic_response_rcb_class: RCB-0/I,drfs_1_event_0_censored: 0,drfs_even_time_years: 1.032,esr1_status: N,erbb2_status: N,set_class: SET-Low,chemosensitivity_prediction: Rx Insensitive,ggi_class: High,pam50_class: Basal,dlda30_prediction: pCR,rcb_0_i_prediction: RCB-0/I,tissue: breast cancer tumor
GSM615141,sample id: 1149,source: ISPY,age_years: 59.2,er_status_ihc: NA,pr_status_ihc: NA,her2_status: NA,er_status_ihc_esr1_for indeterminate: N,clinical_t_stage: T3,clinical_nodal_status: N1,clinical_ajcc_stage: Inflammatory,grade: NA,pathologic_response_pcr_rd: RD,pathologic_response_rcb_class: RCB-III,drfs_1_event_0_censored: 0,drfs_even_time_years: 3.239,esr1_status: N,erbb2_status: N,set_class: SET-Low,chemosensitivity_prediction: Rx Insensitive,ggi_class: High,pam50_class: Basal,dlda30_prediction: pCR,rcb_0_i_prediction: RCB-II/III,tissue: breast cancer tumor
GSM615142,sample id: 1150,source: ISPY,age_years: 51.5,er_status_ihc: P,pr_status_ihc: P,her2_status: N,er_status_ihc_esr1_for indeterminate: P,clinical_t_stage: T3,clinical_nodal_status: N1,clinical_ajcc_stage: IIIA,grade: 4=Indeterminate,pathologic_response_pcr_rd: RD,pathologic_response_rcb_class: RCB-II,drfs_1_event_0_censored: 0,drfs_even_time_years: 2.946,esr1_status: P,erbb2_status: N,set_class: SET-Int,chemosensitivity_prediction: Rx Sensitive,ggi_class: High,pam50_class: LumA,dlda30_prediction: RD,rcb_0_i_prediction: RCB-II/III,tissue: breast cancer tumor
GSM615143,sample id: 1155,source: ISPY,age_years: 42.7,er_status_ihc: N,pr_status_ihc: P,her2_status: NA,er_status_ihc_esr1_for indeterminate: N,clinical_t_stage: T2,clinical_nodal_status: N0,clinical_ajcc_stage: IIA,grade: 3,pathologic_response_pcr_rd: pCR,pathologic_response_rcb_class: RCB-0/I,drfs_1_event_0_censored: 0,drfs_even_time_years: 2.902,esr1_status: N,erbb2_status: N,set_class: SET-Low,chemosensitivity_prediction: Rx Insensitive,ggi_class: High,pam50_class: Basal,dlda30_prediction: RD,rcb_0_i_prediction: RCB-0/I,tissue: breast cancer tumor
GSM615144,sample id: 1158,source: ISPY,age_years: 61.8,er_status_ihc: P,pr_status_ihc: P,her2_status: N,er_status_ihc_esr1_for indeterminate: P,clinical_t_stage: T2,clinical_nodal_status: N0,clinical_ajcc_stage: IIA,grade: 2,pathologic_response_pcr_rd: RD,pathologic_response_rcb_class: RCB-II,drfs_1_event_0_censored: 0,drfs_even_time_years: 3.261,esr1_status: P,erbb2_status: N,set_class: SET-Low,chemosensitivity_prediction: Rx Sensitive,ggi_class: High,pam50_class: LumA,dlda30_prediction: RD,rcb_0_i_prediction: RCB-0/I,tissue: breast cancer tumor
GSM615145,sample id: 1160,source: ISPY,age_years: 55.7,er_status_ihc: N,pr_status_ihc: N,her2_status: N,er_status_ihc_esr1_for indeterminate: N,clinical_t_stage: T3,clinical_nodal_status: N1,clinical_ajcc_stage: IIIA,grade: 3,pathologic_response_pcr_rd: RD,pathologic_response_rcb_class: NA,drfs_1_event_0_censored: 0,drfs_even_time_years: 0.898,esr1_status: N,erbb2_status: N,set_class: SET-Low,chemosensitivity_prediction: Rx Insensitive,ggi_class: High,pam50_class: Basal,dlda30_prediction: pCR,rcb_0_i_prediction: RCB-II/III,tissue: breast cancer tumor
GSM615146,sample id: 1163,source: ISPY,age_years: 38.9,er_status_ihc: N,pr_status_ihc: N,her2_status: N,er_status_ihc_esr1_for indeterminate: N,clinical_t_stage: T2,clinical_nodal_status: N0,clinical_ajcc_stage: IIA,grade: 3,pathologic_response_pcr_rd: pCR,pathologic_response_rcb_class: RCB-0/I,drfs_1_event_0_censored: 0,drfs_even_time_years: 2.533,esr1_status: N,erbb2_status: N,set_class: SET-Low,chemosensitivity_prediction: Rx Sensitive,ggi_class: High,pam50_class: Basal,dlda30_prediction: pCR,rcb_0_i_prediction: RCB-0/I,tissue: breast cancer tumor
GSM615147,sample id: 1164,source: ISPY,age_years: 60.1,er_status_ihc: P,pr_status_ihc: P,her2_status: I,er_status_ihc_esr1_for indeterminate: P,clinical_t_stage: T3,clinical_nodal_status: N1,clinical_ajcc_stage: IIIA,grade: NA,pathologic_response_pcr_rd: RD,pathologic_response_rcb_class: RCB-II,drfs_1_event_0_censored: 0,drfs_even_time_years: 2.872,esr1_status: P,erbb2_status: N,set_class: SET-Int,chemosensitivity_prediction: Rx Sensitive,ggi_class: High,pam50_class: LumA,dlda30_prediction: RD,rcb_0_i_prediction: RCB-II/III,tissue: breast cancer tumor
GSM615148,sample id: 1165,source: ISPY,age_years: 39.7,er_status_ihc: N,pr_status_ihc: N,her2_status: N,er_status_ihc_esr1_for indeterminate: N,clinical_t_stage: T3,clinical_nodal_status: N1,clinical_ajcc_stage: IIIA,grade: 3,pathologic_response_pcr_rd: RD,pathologic_response_rcb_class: RCB-II,drfs_1_event_0_censored: 0,drfs_even_time_years: 2.669,esr1_status: N,erbb2_status: N,set_class: SET-Low,chemosensitivity_prediction: Rx Insensitive,ggi_class: High,pam50_class: Basal,dlda30_prediction: pCR,rcb_0_i_prediction: RCB-II/III,tissue: breast cancer tumor
GSM615149,sample id: 1169,source: ISPY,age_years: 44.2,er_status_ihc: N,pr_status_ihc: N,her2_status: N,er_status_ihc_esr1_for indeterminate: N,clinical_t_stage: T3,clinical_nodal_status: N2,clinical_ajcc_stage: IIIA,grade: 3,pathologic_response_pcr_rd: RD,pathologic_response_rcb_class: RCB-III,drfs_1_event_0_censored: 1,drfs_even_time_years: 0.715,esr1_status: N,erbb2_status: N,set_class: SET-Low,chemosensitivity_prediction: Rx Insensitive,ggi_class: High,pam50_class: Basal,dlda30_prediction: pCR,rcb_0_i_prediction: RCB-II/III,tissue: breast cancer tumor
GSM615150,sample id: 1170,source: ISPY,age_years: 44.4,er_status_ihc: P,pr_status_ihc: P,her2_status: N,er_status_ihc_esr1_for indeterminate: P,clinical_t_stage: T3,clinical_nodal_status: N1,clinical_ajcc_stage: IIIA,grade: 2,pathologic_response_pcr_rd: RD,pathologic_response_rcb_class: RCB-III,drfs_1_event_0_censored: 0,drfs_even_time_years: 2.174,esr1_status: P,erbb2_status: N,set_class: SET-High,chemosensitivity_prediction: Rx Sensitive,ggi_class: Low,pam50_class: LumA,dlda30_prediction: RD,rcb_0_i_prediction: RCB-II/III,tissue: breast cancer tumor
GSM615151,sample id: 1172,source: ISPY,age_years: 44.6,er_status_ihc: N,pr_status_ihc: N,her2_status: N,er_status_ihc_esr1_for indeterminate: N,clinical_t_stage: T2,clinical_nodal_status: N0,clinical_ajcc_stage: IIA,grade: 2,pathologic_response_pcr_rd: RD,pathologic_response_rcb_class: RCB-II,drfs_1_event_0_censored: 0,drfs_even_time_years: 0.914,esr1_status: N,erbb2_status: N,set_class: SET-Low,chemosensitivity_prediction: Rx Insensitive,ggi_class: High,pam50_class: Basal,dlda30_prediction: pCR,rcb_0_i_prediction: RCB-II/III,tissue: breast cancer tumor
GSM615152,sample id: 1173,source: ISPY,age_years: 44.0,er_status_ihc: I,pr_status_ihc: I,her2_status: NA,er_status_ihc_esr1_for indeterminate: N,clinical_t_stage: T2,clinical_nodal_status: N2,clinical_ajcc_stage: IIIA,grade: 3,pathologic_response_pcr_rd: RD,pathologic_response_rcb_class: RCB-II,drfs_1_event_0_censored: 0,drfs_even_time_years: 2.798,esr1_status: N,erbb2_status: N,set_class: SET-Low,chemosensitivity_prediction: Rx Insensitive,ggi_class: High,pam50_class: Basal,dlda30_prediction: pCR,rcb_0_i_prediction: RCB-II/III,tissue: breast cancer tumor
GSM615153,sample id: 1175,source: ISPY,age_years: 64.3,er_status_ihc: P,pr_status_ihc: P,her2_status: N,er_status_ihc_esr1_for indeterminate: P,clinical_t_stage: T3,clinical_nodal_status: N1,clinical_ajcc_stage: IIIA,grade: 2,pathologic_response_pcr_rd: RD,pathologic_response_rcb_class: RCB-II,drfs_1_event_0_censored: 0,drfs_even_time_years: 2.672,esr1_status: P,erbb2_status: N,set_class: SET-Low,chemosensitivity_prediction: Rx Insensitive,ggi_class: High,pam50_class: LumB,dlda30_prediction: RD,rcb_0_i_prediction: RCB-II/III,tissue: breast cancer tumor
GSM615154,sample id: 1177,source: ISPY,age_years: 40.8,er_status_ihc: N,pr_status_ihc: N,her2_status: N,er_status_ihc_esr1_for indeterminate: N,clinical_t_stage: T2,clinical_nodal_status: N1,clinical_ajcc_stage: IIB,grade: 3,pathologic_response_pcr_rd: pCR,pathologic_response_rcb_class: RCB-0/I,drfs_1_event_0_censored: 0,drfs_even_time_years: 2.530,esr1_status: N,erbb2_status: N,set_class: SET-Low,chemosensitivity_prediction: Rx Sensitive,ggi_class: High,pam50_class: Basal,dlda30_prediction: pCR,rcb_0_i_prediction: RCB-0/I,tissue: breast cancer tumor
GSM615155,sample id: 1180,source: ISPY,age_years: 31.5,er_status_ihc: P,pr_status_ihc: P,her2_status: N,er_status_ihc_esr1_for indeterminate: P,clinical_t_stage: T4,clinical_nodal_status: N1,clinical_ajcc_stage: IIIB,grade: 3,pathologic_response_pcr_rd: RD,pathologic_response_rcb_class: RCB-II,drfs_1_event_0_censored: 0,drfs_even_time_years: 3.192,esr1_status: P,erbb2_status: N,set_class: SET-Int,chemosensitivity_prediction: Rx Sensitive,ggi_class: High,pam50_class: Basal,dlda30_prediction: RD,rcb_0_i_prediction: RCB-0/I,tissue: breast cancer tumor
GSM615156,sample id: 1188,source: ISPY,age_years: 38.3,er_status_ihc: N,pr_status_ihc: N,her2_status: N,er_status_ihc_esr1_for indeterminate: N,clinical_t_stage: T2,clinical_nodal_status: N1,clinical_ajcc_stage: IIB,grade: 3,pathologic_response_pcr_rd: RD,pathologic_response_rcb_class: RCB-II,drfs_1_event_0_censored: 0,drfs_even_time_years: 2.026,esr1_status: N,erbb2_status: N,set_class: SET-Low,chemosensitivity_prediction: Rx Insensitive,ggi_class: High,pam50_class: Basal,dlda30_prediction: pCR,rcb_0_i_prediction: RCB-II/III,tissue: breast cancer tumor
GSM615157,sample id: 1191,source: ISPY,age_years: 45.9,er_status_ihc: P,pr_status_ihc: I,her2_status: N,er_status_ihc_esr1_for indeterminate: P,clinical_t_stage: T2,clinical_nodal_status: N1,clinical_ajcc_stage: IIB,grade: 2,pathologic_response_pcr_rd: RD,pathologic_response_rcb_class: RCB-II,drfs_1_event_0_censored: 0,drfs_even_time_years: 2.045,esr1_status: P,erbb2_status: N,set_class: SET-Low,chemosensitivity_prediction: Rx Insensitive,ggi_class: High,pam50_class: Her2,dlda30_prediction: RD,rcb_0_i_prediction: RCB-II/III,tissue: breast cancer tumor
GSM615158,sample id: 1193,source: ISPY,age_years: 59.6,er_status_ihc: P,pr_status_ihc: P,her2_status: N,er_status_ihc_esr1_for indeterminate: P,clinical_t_stage: T2,clinical_nodal_status: N0,clinical_ajcc_stage: IIA,grade: 1,pathologic_response_pcr_rd: RD,pathologic_response_rcb_class: RCB-III,drfs_1_event_0_censored: 0,drfs_even_time_years: 2.275,esr1_status: P,erbb2_status: N,set_class: SET-Low,chemosensitivity_prediction: Rx Insensitive,ggi_class: Low,pam50_class: LumA,dlda30_prediction: RD,rcb_0_i_prediction: RCB-II/III,tissue: breast cancer tumor
GSM615159,sample id: 1197,source: ISPY,age_years: 44.7,er_status_ihc: N,pr_status_ihc: P,her2_status: NA,er_status_ihc_esr1_for indeterminate: N,clinical_t_stage: T2,clinical_nodal_status: N1,clinical_ajcc_stage: IIB,grade: 4=Indeterminate,pathologic_response_pcr_rd: RD,pathologic_response_rcb_class: RCB-II,drfs_1_event_0_censored: 0,drfs_even_time_years: 1.692,esr1_status: N,erbb2_status: N,set_class: SET-Low,chemosensitivity_prediction: Rx Insensitive,ggi_class: High,pam50_class: Her2,dlda30_prediction: pCR,rcb_0_i_prediction: RCB-II/III,tissue: breast cancer tumor
GSM615160,sample id: 1199,source: ISPY,age_years: 37.7,er_status_ihc: N,pr_status_ihc: N,her2_status: N,er_status_ihc_esr1_for indeterminate: N,clinical_t_stage: T3,clinical_nodal_status: N1,clinical_ajcc_stage: IIIA,grade: 3,pathologic_response_pcr_rd: RD,pathologic_response_rcb_class: RCB-III,drfs_1_event_0_censored: 1,drfs_even_time_years: 0.383,esr1_status: N,erbb2_status: N,set_class: SET-Low,chemosensitivity_prediction: Rx Insensitive,ggi_class: High,pam50_class: Basal,dlda30_prediction: pCR,rcb_0_i_prediction: RCB-II/III,tissue: breast cancer tumor
GSM615161,sample id: 1200,source: ISPY,age_years: 43.8,er_status_ihc: I,pr_status_ihc: I,her2_status: N,er_status_ihc_esr1_for indeterminate: P,clinical_t_stage: T2,clinical_nodal_status: N0,clinical_ajcc_stage: IIA,grade: 2,pathologic_response_pcr_rd: RD,pathologic_response_rcb_class: RCB-III,drfs_1_event_0_censored: 0,drfs_even_time_years: 2.401,esr1_status: P,erbb2_status: N,set_class: SET-High,chemosensitivity_prediction: Rx Sensitive,ggi_class: High,pam50_class: LumA,dlda30_prediction: RD,rcb_0_i_prediction: RCB-II/III,tissue: breast cancer tumor
GSM615162,sample id: 1203,source: ISPY,age_years: 42.3,er_status_ihc: P,pr_status_ihc: P,her2_status: N,er_status_ihc_esr1_for indeterminate: P,clinical_t_stage: T3,clinical_nodal_status: N2,clinical_ajcc_stage: IIIA,grade: 1,pathologic_response_pcr_rd: RD,pathologic_response_rcb_class: NA,drfs_1_event_0_censored: 0,drfs_even_time_years: 2.508,esr1_status: P,erbb2_status: N,set_class: SET-Int,chemosensitivity_prediction: Rx Sensitive,ggi_class: Low,pam50_class: LumA,dlda30_prediction: RD,rcb_0_i_prediction: RCB-II/III,tissue: breast cancer tumor
GSM615163,sample id: 1205,source: ISPY,age_years: 42.6,er_status_ihc: P,pr_status_ihc: P,her2_status: N,er_status_ihc_esr1_for indeterminate: P,clinical_t_stage: T3,clinical_nodal_status: N1,clinical_ajcc_stage: IIIA,grade: NA,pathologic_response_pcr_rd: NA,pathologic_response_rcb_class: NA,drfs_1_event_0_censored: 0,drfs_even_time_years: 0.523,esr1_status: P,erbb2_status: N,set_class: SET-High,chemosensitivity_prediction: Rx Sensitive,ggi_class: High,pam50_class: LumB,dlda30_prediction: RD,rcb_0_i_prediction: RCB-II/III,tissue: breast cancer tumor
GSM615164,sample id: 1208,source: ISPY,age_years: 42.1,er_status_ihc: N,pr_status_ihc: N,her2_status: N,er_status_ihc_esr1_for indeterminate: N,clinical_t_stage: T3,clinical_nodal_status: N0,clinical_ajcc_stage: IIB,grade: 3,pathologic_response_pcr_rd: pCR,pathologic_response_rcb_class: RCB-0/I,drfs_1_event_0_censored: 0,drfs_even_time_years: 1.432,esr1_status: N,erbb2_status: N,set_class: SET-Low,chemosensitivity_prediction: Rx Sensitive,ggi_class: High,pam50_class: Basal,dlda30_prediction: pCR,rcb_0_i_prediction: RCB-0/I,tissue: breast cancer tumor
GSM615165,sample id: 1209,source: ISPY,age_years: 43.4,er_status_ihc: P,pr_status_ihc: N,her2_status: N,er_status_ihc_esr1_for indeterminate: P,clinical_t_stage: T2,clinical_nodal_status: N0,clinical_ajcc_stage: IIA,grade: 2,pathologic_response_pcr_rd: RD,pathologic_response_rcb_class: RCB-II,drfs_1_event_0_censored: 0,drfs_even_time_years: 1.640,esr1_status: P,erbb2_status: N,set_class: SET-Low,chemosensitivity_prediction: Rx Insensitive,ggi_class: High,pam50_class: Normal,dlda30_prediction: RD,rcb_0_i_prediction: RCB-II/III,tissue: breast cancer tumor
GSM615166,sample id: 1210,source: ISPY,age_years: 40.6,er_status_ihc: P,pr_status_ihc: P,her2_status: NA,er_status_ihc_esr1_for indeterminate: P,clinical_t_stage: T3,clinical_nodal_status: N0,clinical_ajcc_stage: IIB,grade: 2,pathologic_response_pcr_rd: RD,pathologic_response_rcb_class: RCB-II,drfs_1_event_0_censored: 0,drfs_even_time_years: 2.119,esr1_status: P,erbb2_status: N,set_class: SET-High,chemosensitivity_prediction: Rx Sensitive,ggi_class: High,pam50_class: Normal,dlda30_prediction: RD,rcb_0_i_prediction: RCB-II/III,tissue: breast cancer tumor
GSM615167,sample id: 1216,source: ISPY,age_years: 34.4,er_status_ihc: N,pr_status_ihc: N,her2_status: N,er_status_ihc_esr1_for indeterminate: N,clinical_t_stage: T2,clinical_nodal_status: N2,clinical_ajcc_stage: IIIA,grade: 2,pathologic_response_pcr_rd: pCR,pathologic_response_rcb_class: RCB-0/I,drfs_1_event_0_censored: 0,drfs_even_time_years: 1.133,esr1_status: P,erbb2_status: N,set_class: SET-Low,chemosensitivity_prediction: Rx Insensitive,ggi_class: Low,pam50_class: Normal,dlda30_prediction: RD,rcb_0_i_prediction: RCB-0/I,tissue: breast cancer tumor
GSM615168,sample id: 1217,source: ISPY,age_years: 50.1,er_status_ihc: P,pr_status_ihc: P,her2_status: N,er_status_ihc_esr1_for indeterminate: P,clinical_t_stage: T2,clinical_nodal_status: N0,clinical_ajcc_stage: IIA,grade: 4=Indeterminate,pathologic_response_pcr_rd: RD,pathologic_response_rcb_class: NA,drfs_1_event_0_censored: 0,drfs_even_time_years: 1.361,esr1_status: P,erbb2_status: N,set_class: SET-Low,chemosensitivity_prediction: Rx Insensitive,ggi_class: Low,pam50_class: LumA,dlda30_prediction: RD,rcb_0_i_prediction: RCB-II/III,tissue: breast cancer tumor
GSM615169,sample id: 1218,source: ISPY,age_years: 47.8,er_status_ihc: N,pr_status_ihc: N,her2_status: N,er_status_ihc_esr1_for indeterminate: N,clinical_t_stage: T3,clinical_nodal_status: N1,clinical_ajcc_stage: IIIA,grade: 3,pathologic_response_pcr_rd: RD,pathologic_response_rcb_class: RCB-II,drfs_1_event_0_censored: 0,drfs_even_time_years: 2.264,esr1_status: P,erbb2_status: N,set_class: SET-Low,chemosensitivity_prediction: Rx Insensitive,ggi_class: High,pam50_class: Basal,dlda30_prediction: pCR,rcb_0_i_prediction: RCB-0/I,tissue: breast cancer tumor
GSM615170,sample id: 1219,source: ISPY,age_years: 46.0,er_status_ihc: P,pr_status_ihc: P,her2_status: NA,er_status_ihc_esr1_for indeterminate: P,clinical_t_stage: T3,clinical_nodal_status: N0,clinical_ajcc_stage: IIB,grade: 2,pathologic_response_pcr_rd: RD,pathologic_response_rcb_class: RCB-II,drfs_1_event_0_censored: 0,drfs_even_time_years: 2.198,esr1_status: P,erbb2_status: N,set_class: SET-High,chemosensitivity_prediction: Rx Sensitive,ggi_class: Low,pam50_class: LumA,dlda30_prediction: RD,rcb_0_i_prediction: RCB-II/III,tissue: breast cancer tumor
GSM615171,sample id: 1220,source: ISPY,age_years: 43.1,er_status_ihc: N,pr_status_ihc: N,her2_status: NA,er_status_ihc_esr1_for indeterminate: N,clinical_t_stage: T2,clinical_nodal_status: N1,clinical_ajcc_stage: IIB,grade: NA,pathologic_response_pcr_rd: pCR,pathologic_response_rcb_class: RCB-0/I,drfs_1_event_0_censored: 0,drfs_even_time_years: 2.390,esr1_status: N,erbb2_status: N,set_class: SET-Low,chemosensitivity_prediction: Rx Insensitive,ggi_class: High,pam50_class: Basal,dlda30_prediction: pCR,rcb_0_i_prediction: RCB-0/I,tissue: breast cancer tumor
GSM615172,sample id: 1223,source: ISPY,age_years: 59.8,er_status_ihc: P,pr_status_ihc: P,her2_status: N,er_status_ihc_esr1_for indeterminate: P,clinical_t_stage: T2,clinical_nodal_status: N0,clinical_ajcc_stage: IIA,grade: 2,pathologic_response_pcr_rd: RD,pathologic_response_rcb_class: RCB-II,drfs_1_event_0_censored: 0,drfs_even_time_years: 2.587,esr1_status: P,erbb2_status: N,set_class: SET-Int,chemosensitivity_prediction: Rx Sensitive,ggi_class: Low,pam50_class: LumA,dlda30_prediction: RD,rcb_0_i_prediction: RCB-II/III,tissue: breast cancer tumor
GSM615173,sample id: 1225,source: ISPY,age_years: 47.8,er_status_ihc: P,pr_status_ihc: P,her2_status: N,er_status_ihc_esr1_for indeterminate: P,clinical_t_stage: T1,clinical_nodal_status: N1,clinical_ajcc_stage: IIA,grade: NA,pathologic_response_pcr_rd: RD,pathologic_response_rcb_class: RCB-II,drfs_1_event_0_censored: 0,drfs_even_time_years: 2.086,esr1_status: P,erbb2_status: N,set_class: SET-High,chemosensitivity_prediction: Rx Sensitive,ggi_class: Low,pam50_class: LumA,dlda30_prediction: RD,rcb_0_i_prediction: RCB-II/III,tissue: breast cancer tumor
GSM615174,sample id: 1226,source: ISPY,age_years: 42.1,er_status_ihc: P,pr_status_ihc: P,her2_status: N,er_status_ihc_esr1_for indeterminate: P,clinical_t_stage: T2,clinical_nodal_status: N2,clinical_ajcc_stage: IIIA,grade: 3,pathologic_response_pcr_rd: RD,pathologic_response_rcb_class: RCB-II,drfs_1_event_0_censored: 0,drfs_even_time_years: 2.478,esr1_status: P,erbb2_status: N,set_class: SET-Low,chemosensitivity_prediction: Rx Insensitive,ggi_class: High,pam50_class: LumB,dlda30_prediction: RD,rcb_0_i_prediction: RCB-II/III,tissue: breast cancer tumor
GSM615175,sample id: 1227,source: ISPY,age_years: 42.5,er_status_ihc: N,pr_status_ihc: N,her2_status: N,er_status_ihc_esr1_for indeterminate: N,clinical_t_stage: T3,clinical_nodal_status: N0,clinical_ajcc_stage: IIB,grade: 3,pathologic_response_pcr_rd: pCR,pathologic_response_rcb_class: RCB-0/I,drfs_1_event_0_censored: 0,drfs_even_time_years: 2.527,esr1_status: N,erbb2_status: N,set_class: SET-Low,chemosensitivity_prediction: Rx Insensitive,ggi_class: High,pam50_class: Basal,dlda30_prediction: pCR,rcb_0_i_prediction: RCB-0/I,tissue: breast cancer tumor
GSM615176,sample id: 1231,source: ISPY,age_years: 45.5,er_status_ihc: P,pr_status_ihc: P,her2_status: N,er_status_ihc_esr1_for indeterminate: P,clinical_t_stage: T3,clinical_nodal_status: N0,clinical_ajcc_stage: IIB,grade: 1,pathologic_response_pcr_rd: RD,pathologic_response_rcb_class: RCB-II,drfs_1_event_0_censored: 0,drfs_even_time_years: 2.453,esr1_status: P,erbb2_status: N,set_class: SET-Int,chemosensitivity_prediction: Rx Sensitive,ggi_class: Low,pam50_class: Normal,dlda30_prediction: RD,rcb_0_i_prediction: RCB-II/III,tissue: breast cancer tumor
GSM615177,sample id: 1232,source: ISPY,age_years: 50.0,er_status_ihc: P,pr_status_ihc: P,her2_status: N,er_status_ihc_esr1_for indeterminate: P,clinical_t_stage: T3,clinical_nodal_status: N1,clinical_ajcc_stage: IIIA,grade: NA,pathologic_response_pcr_rd: RD,pathologic_response_rcb_class: RCB-II,drfs_1_event_0_censored: 0,drfs_even_time_years: 1.744,esr1_status: P,erbb2_status: N,set_class: SET-Int,chemosensitivity_prediction: Rx Sensitive,ggi_class: High,pam50_class: LumA,dlda30_prediction: RD,rcb_0_i_prediction: RCB-II/III,tissue: breast cancer tumor
GSM615178,sample id: 1236,source: ISPY,age_years: 38.6,er_status_ihc: N,pr_status_ihc: P,her2_status: N,er_status_ihc_esr1_for indeterminate: N,clinical_t_stage: T2,clinical_nodal_status: N1,clinical_ajcc_stage: IIB,grade: 3,pathologic_response_pcr_rd: RD,pathologic_response_rcb_class: RCB-III,drfs_1_event_0_censored: 0,drfs_even_time_years: 1.936,esr1_status: N,erbb2_status: N,set_class: SET-Low,chemosensitivity_prediction: Rx Insensitive,ggi_class: High,pam50_class: Basal,dlda30_prediction: pCR,rcb_0_i_prediction: RCB-II/III,tissue: breast cancer tumor
GSM615179,sample id: M106,source: MDACC,age_years: 56.0,er_status_ihc: P,pr_status_ihc: P,her2_status: N,er_status_ihc_esr1_for indeterminate: P,clinical_t_stage: T2,clinical_nodal_status: N0,clinical_ajcc_stage: IIA,grade: 2,pathologic_response_pcr_rd: RD,pathologic_response_rcb_class: RCB-0/I,drfs_1_event_0_censored: 0,drfs_even_time_years: 7.083,esr1_status: P,erbb2_status: N,set_class: SET-Low,chemosensitivity_prediction: Rx Insensitive,ggi_class: Low,pam50_class: LumA,dlda30_prediction: RD,rcb_0_i_prediction: RCB-0/I,tissue: breast cancer tumor
GSM615180,sample id: M107,source: MDACC,age_years: 47.0,er_status_ihc: P,pr_status_ihc: P,her2_status: N,er_status_ihc_esr1_for indeterminate: P,clinical_t_stage: T3,clinical_nodal_status: N1,clinical_ajcc_stage: IIIA,grade: 2,pathologic_response_pcr_rd: RD,pathologic_response_rcb_class: RCB-II,drfs_1_event_0_censored: 0,drfs_even_time_years: 5.758,esr1_status: P,erbb2_status: N,set_class: SET-Low,chemosensitivity_prediction: Rx Insensitive,ggi_class: Low,pam50_class: LumA,dlda30_prediction: RD,rcb_0_i_prediction: RCB-II/III,tissue: breast cancer tumor
GSM615181,sample id: M111,source: MDACC,age_years: 49.0,er_status_ihc: N,pr_status_ihc: N,her2_status: N,er_status_ihc_esr1_for indeterminate: N,clinical_t_stage: T3,clinical_nodal_status: N1,clinical_ajcc_stage: IIIA,grade: 3,pathologic_response_pcr_rd: pCR,pathologic_response_rcb_class: RCB-0/I,drfs_1_event_0_censored: 0,drfs_even_time_years: 7.395,esr1_status: N,erbb2_status: N,set_class: SET-Low,chemosensitivity_prediction: Rx Insensitive,ggi_class: High,pam50_class: Basal,dlda30_prediction: pCR,rcb_0_i_prediction: RCB-0/I,tissue: breast cancer tumor
GSM615182,sample id: M113,source: MDACC,age_years: 75.0,er_status_ihc: N,pr_status_ihc: N,her2_status: N,er_status_ihc_esr1_for indeterminate: N,clinical_t_stage: T2,clinical_nodal_status: N0,clinical_ajcc_stage: IIA,grade: 3,pathologic_response_pcr_rd: RD,pathologic_response_rcb_class: RCB-0/I,drfs_1_event_0_censored: 0,drfs_even_time_years: 7.439,esr1_status: N,erbb2_status: N,set_class: SET-Low,chemosensitivity_prediction: Rx Insensitive,ggi_class: High,pam50_class: Her2,dlda30_prediction: RD,rcb_0_i_prediction: RCB-0/I,
GSM615183,sample id: M117,source: MDACC,age_years: 34.0,er_status_ihc: P,pr_status_ihc: P,her2_status: N,er_status_ihc_esr1_for indeterminate: P,clinical_t_stage: T2,clinical_nodal_status: N1,clinical_ajcc_stage: IIB,grade: 2,pathologic_response_pcr_rd: RD,pathologic_response_rcb_class: RCB-II,drfs_1_event_0_censored: 0,drfs_even_time_years: 6.710,esr1_status: P,erbb2_status: N,set_class: SET-Low,chemosensitivity_prediction: Rx Insensitive,ggi_class: Low,pam50_class: LumA,dlda30_prediction: RD,rcb_0_i_prediction: RCB-II/III,
GSM615184,sample id: M120,source: MDACC,age_years: 51.0,er_status_ihc: N,pr_status_ihc: P,her2_status: N,er_status_ihc_esr1_for indeterminate: N,clinical_t_stage: T2,clinical_nodal_status: N0,clinical_ajcc_stage: IIA,grade: 3,pathologic_response_pcr_rd: RD,pathologic_response_rcb_class: RCB-0/I,drfs_1_event_0_censored: 0,drfs_even_time_years: 7.302,esr1_status: N,erbb2_status: N,set_class: SET-Low,chemosensitivity_prediction: Rx Insensitive,ggi_class: High,pam50_class: Basal,dlda30_prediction: pCR,rcb_0_i_prediction: RCB-0/I,
GSM615185,sample id: M121,source: MDACC,age_years: 65.0,er_status_ihc: N,pr_status_ihc: N,her2_status: N,er_status_ihc_esr1_for indeterminate: N,clinical_t_stage: T1,clinical_nodal_status: N0,clinical_ajcc_stage: I,grade: 3,pathologic_response_pcr_rd: RD,pathologic_response_rcb_class: RCB-0/I,drfs_1_event_0_censored: 1,drfs_even_time_years: 5.591,esr1_status: N,erbb2_status: N,set_class: SET-Low,chemosensitivity_prediction: Rx Sensitive,ggi_class: High,pam50_class: Basal,dlda30_prediction: pCR,rcb_0_i_prediction: RCB-0/I,
GSM615186,sample id: M123,source: MDACC,age_years: 51.0,er_status_ihc: P,pr_status_ihc: N,her2_status: N,er_status_ihc_esr1_for indeterminate: P,clinical_t_stage: T3,clinical_nodal_status: N3,clinical_ajcc_stage: IIIB,grade: 1,pathologic_response_pcr_rd: pCR,pathologic_response_rcb_class: RCB-0/I,drfs_1_event_0_censored: 0,drfs_even_time_years: 6.661,esr1_status: P,erbb2_status: N,set_class: SET-Int,chemosensitivity_prediction: Rx Sensitive,ggi_class: High,pam50_class: LumA,dlda30_prediction: RD,rcb_0_i_prediction: RCB-0/I,
GSM615187,sample id: M128,source: MDACC,age_years: 66.0,er_status_ihc: P,pr_status_ihc: P,her2_status: N,er_status_ihc_esr1_for indeterminate: P,clinical_t_stage: T2,clinical_nodal_status: N0,clinical_ajcc_stage: IIA,grade: 2,pathologic_response_pcr_rd: RD,pathologic_response_rcb_class: RCB-II,drfs_1_event_0_censored: 0,drfs_even_time_years: 6.834,esr1_status: P,erbb2_status: N,set_class: SET-Low,chemosensitivity_prediction: Rx Insensitive,ggi_class: Low,pam50_class: LumA,dlda30_prediction: RD,rcb_0_i_prediction: RCB-II/III,
GSM615188,sample id: M129,source: MDACC,age_years: 61.0,er_status_ihc: N,pr_status_ihc: N,her2_status: N,er_status_ihc_esr1_for indeterminate: N,clinical_t_stage: T2,clinical_nodal_status: N0,clinical_ajcc_stage: IIA,grade: 2,pathologic_response_pcr_rd: RD,pathologic_response_rcb_class: RCB-II,drfs_1_event_0_censored: 0,drfs_even_time_years: 5.717,esr1_status: P,erbb2_status: N,set_class: SET-High,chemosensitivity_prediction: Rx Sensitive,ggi_class: High,pam50_class: LumB,dlda30_prediction: RD,rcb_0_i_prediction: RCB-II/III,
GSM615189,sample id: M130,source: MDACC,age_years: 65.0,er_status_ihc: N,pr_status_ihc: P,her2_status: N,er_status_ihc_esr1_for indeterminate: N,clinical_t_stage: T2,clinical_nodal_status: N1,clinical_ajcc_stage: IIB,grade: 3,pathologic_response_pcr_rd: RD,pathologic_response_rcb_class: RCB-II,drfs_1_event_0_censored: 1,drfs_even_time_years: 1.144,esr1_status: N,erbb2_status: N,set_class: SET-Low,chemosensitivity_prediction: Rx Insensitive,ggi_class: High,pam50_class: Her2,dlda30_prediction: pCR,rcb_0_i_prediction: RCB-II/III,
GSM615190,sample id: M133,source: MDACC,age_years: 37.0,er_status_ihc: N,pr_status_ihc: N,her2_status: N,er_status_ihc_esr1_for indeterminate: N,clinical_t_stage: T2,clinical_nodal_status: N0,clinical_ajcc_stage: IIA,grade: 3,pathologic_response_pcr_rd: RD,pathologic_response_rcb_class: RCB-0/I,drfs_1_event_0_censored: 0,drfs_even_time_years: 7.127,esr1_status: N,erbb2_status: N,set_class: SET-Low,chemosensitivity_prediction: Rx Sensitive,ggi_class: High,pam50_class: Basal,dlda30_prediction: pCR,rcb_0_i_prediction: RCB-0/I,
GSM615191,sample id: M136,source: MDACC,age_years: 37.0,er_status_ihc: N,pr_status_ihc: P,her2_status: N,er_status_ihc_esr1_for indeterminate: N,clinical_t_stage: T1,clinical_nodal_status: N0,clinical_ajcc_stage: I,grade: 3,pathologic_response_pcr_rd: pCR,pathologic_response_rcb_class: RCB-0/I,drfs_1_event_0_censored: 0,drfs_even_time_years: 6.341,esr1_status: N,erbb2_status: N,set_class: SET-Low,chemosensitivity_prediction: Rx Insensitive,ggi_class: High,pam50_class: Basal,dlda30_prediction: pCR,rcb_0_i_prediction: RCB-0/I,
GSM615192,sample id: M139,source: MDACC,age_years: 51.0,er_status_ihc: P,pr_status_ihc: P,her2_status: N,er_status_ihc_esr1_for indeterminate: P,clinical_t_stage: T2,clinical_nodal_status: N0,clinical_ajcc_stage: IIA,grade: 2,pathologic_response_pcr_rd: RD,pathologic_response_rcb_class: RCB-II,drfs_1_event_0_censored: 0,drfs_even_time_years: 7.326,esr1_status: P,erbb2_status: N,set_class: SET-Low,chemosensitivity_prediction: Rx Sensitive,ggi_class: High,pam50_class: LumA,dlda30_prediction: RD,rcb_0_i_prediction: RCB-0/I,
GSM615193,sample id: M146,source: MDACC,age_years: 40.0,er_status_ihc: N,pr_status_ihc: N,her2_status: N,er_status_ihc_esr1_for indeterminate: N,clinical_t_stage: T1,clinical_nodal_status: N0,clinical_ajcc_stage: I,grade: 3,pathologic_response_pcr_rd: pCR,pathologic_response_rcb_class: RCB-0/I,drfs_1_event_0_censored: 0,drfs_even_time_years: 6.439,esr1_status: N,erbb2_status: N,set_class: SET-Low,chemosensitivity_prediction: Rx Sensitive,ggi_class: Low,pam50_class: Normal,dlda30_prediction: pCR,rcb_0_i_prediction: RCB-0/I,
GSM615194,sample id: M153,source: MDACC,age_years: 61.0,er_status_ihc: N,pr_status_ihc: P,her2_status: N,er_status_ihc_esr1_for indeterminate: N,clinical_t_stage: T1,clinical_nodal_status: N1,clinical_ajcc_stage: IIA,grade: 3,pathologic_response_pcr_rd: pCR,pathologic_response_rcb_class: RCB-0/I,drfs_1_event_0_censored: 0,drfs_even_time_years: 6.519,esr1_status: N,erbb2_status: N,set_class: SET-Low,chemosensitivity_prediction: Rx Sensitive,ggi_class: High,pam50_class: Basal,dlda30_prediction: pCR,rcb_0_i_prediction: RCB-0/I,
GSM615195,sample id: M154,source: MDACC,age_years: 29.0,er_status_ihc: N,pr_status_ihc: N,her2_status: N,er_status_ihc_esr1_for indeterminate: N,clinical_t_stage: T4,clinical_nodal_status: N2,clinical_ajcc_stage: IIIB,grade: 3,pathologic_response_pcr_rd: RD,pathologic_response_rcb_class: RCB-III,drfs_1_event_0_censored: 1,drfs_even_time_years: 0.764,esr1_status: N,erbb2_status: N,set_class: SET-Low,chemosensitivity_prediction: Rx Insensitive,ggi_class: High,pam50_class: Basal,dlda30_prediction: pCR,rcb_0_i_prediction: RCB-II/III,
GSM615196,sample id: M155,source: MDACC,age_years: 61.0,er_status_ihc: P,pr_status_ihc: P,her2_status: N,er_status_ihc_esr1_for indeterminate: P,clinical_t_stage: T2,clinical_nodal_status: N0,clinical_ajcc_stage: IIA,grade: 3,pathologic_response_pcr_rd: RD,pathologic_response_rcb_class: RCB-II,drfs_1_event_0_censored: 0,drfs_even_time_years: 6.467,esr1_status: P,erbb2_status: N,set_class: SET-Low,chemosensitivity_prediction: Rx Sensitive,ggi_class: High,pam50_class: LumB,dlda30_prediction: RD,rcb_0_i_prediction: RCB-0/I,
GSM615197,sample id: M156,source: MDACC,age_years: 67.0,er_status_ihc: N,pr_status_ihc: N,her2_status: N,er_status_ihc_esr1_for indeterminate: N,clinical_t_stage: T2,clinical_nodal_status: N2,clinical_ajcc_stage: IIIA,grade: 3,pathologic_response_pcr_rd: RD,pathologic_response_rcb_class: RCB-III,drfs_1_event_0_censored: 0,drfs_even_time_years: 6.612,esr1_status: N,erbb2_status: N,set_class: SET-Low,chemosensitivity_prediction: Rx Insensitive,ggi_class: High,pam50_class: Her2,dlda30_prediction: RD,rcb_0_i_prediction: RCB-II/III,
GSM615198,sample id: M157,source: MDACC,age_years: 57.0,er_status_ihc: P,pr_status_ihc: P,her2_status: N,er_status_ihc_esr1_for indeterminate: P,clinical_t_stage: T2,clinical_nodal_status: N0,clinical_ajcc_stage: IIA,grade: 2,pathologic_response_pcr_rd: RD,pathologic_response_rcb_class: RCB-II,drfs_1_event_0_censored: 0,drfs_even_time_years: 6.593,esr1_status: P,erbb2_status: N,set_class: SET-Int,chemosensitivity_prediction: Rx Sensitive,ggi_class: High,pam50_class: LumA,dlda30_prediction: RD,rcb_0_i_prediction: RCB-0/I,
GSM615199,sample id: M158,source: MDACC,age_years: 38.0,er_status_ihc: P,pr_status_ihc: P,her2_status: N,er_status_ihc_esr1_for indeterminate: P,clinical_t_stage: T2,clinical_nodal_status: N2,clinical_ajcc_stage: IIIA,grade: 2,pathologic_response_pcr_rd: RD,pathologic_response_rcb_class: RCB-II,drfs_1_event_0_censored: 0,drfs_even_time_years: 6.535,esr1_status: P,erbb2_status: N,set_class: SET-Low,chemosensitivity_prediction: Rx Insensitive,ggi_class: Low,pam50_class: LumA,dlda30_prediction: RD,rcb_0_i_prediction: RCB-II/III,
GSM615200,sample id: M165,source: MDACC,age_years: 49.0,er_status_ihc: P,pr_status_ihc: N,her2_status: N,er_status_ihc_esr1_for indeterminate: P,clinical_t_stage: T2,clinical_nodal_status: N1,clinical_ajcc_stage: IIA,grade: 3,pathologic_response_pcr_rd: RD,pathologic_response_rcb_class: RCB-II,drfs_1_event_0_censored: 1,drfs_even_time_years: 3.452,esr1_status: P,erbb2_status: N,set_class: SET-Low,chemosensitivity_prediction: Rx Sensitive,ggi_class: High,pam50_class: LumB,dlda30_prediction: RD,rcb_0_i_prediction: RCB-0/I,
GSM615201,sample id: M177,source: MDACC,age_years: 41.0,er_status_ihc: P,pr_status_ihc: N,her2_status: N,er_status_ihc_esr1_for indeterminate: P,clinical_t_stage: T3,clinical_nodal_status: N0,clinical_ajcc_stage: IIB,grade: 3,pathologic_response_pcr_rd: pCR,pathologic_response_rcb_class: RCB-0/I,drfs_1_event_0_censored: 0,drfs_even_time_years: 6.111,esr1_status: P,erbb2_status: N,set_class: SET-Low,chemosensitivity_prediction: Rx Sensitive,ggi_class: High,pam50_class: LumB,dlda30_prediction: RD,rcb_0_i_prediction: RCB-0/I,
GSM615202,sample id: M180,source: MDACC,age_years: 42.0,er_status_ihc: N,pr_status_ihc: P,her2_status: N,er_status_ihc_esr1_for indeterminate: N,clinical_t_stage: T2,clinical_nodal_status: N1,clinical_ajcc_stage: IIB,grade: 3,pathologic_response_pcr_rd: pCR,pathologic_response_rcb_class: RCB-0/I,drfs_1_event_0_censored: 0,drfs_even_time_years: 6.453,esr1_status: P,erbb2_status: N,set_class: SET-High,chemosensitivity_prediction: Rx Sensitive,ggi_class: High,pam50_class: Basal,dlda30_prediction: RD,rcb_0_i_prediction: RCB-0/I,
GSM615203,sample id: M181,source: MDACC,age_years: 73.0,er_status_ihc: P,pr_status_ihc: P,her2_status: N,er_status_ihc_esr1_for indeterminate: P,clinical_t_stage: T3,clinical_nodal_status: N1,clinical_ajcc_stage: IIIA,grade: 2,pathologic_response_pcr_rd: RD,pathologic_response_rcb_class: RCB-II,drfs_1_event_0_censored: 0,drfs_even_time_years: 6.505,esr1_status: P,erbb2_status: P,set_class: SET-Low,chemosensitivity_prediction: Rx Insensitive,ggi_class: Low,pam50_class: LumA,dlda30_prediction: RD,rcb_0_i_prediction: RCB-0/I,
GSM615204,sample id: M182,source: MDACC,age_years: 46.0,er_status_ihc: P,pr_status_ihc: P,her2_status: N,er_status_ihc_esr1_for indeterminate: P,clinical_t_stage: T1,clinical_nodal_status: N0,clinical_ajcc_stage: I,grade: 2,pathologic_response_pcr_rd: RD,pathologic_response_rcb_class: RCB-II,drfs_1_event_0_censored: 0,drfs_even_time_years: 6.311,esr1_status: P,erbb2_status: N,set_class: SET-Low,chemosensitivity_prediction: Rx Insensitive,ggi_class: Low,pam50_class: LumA,dlda30_prediction: RD,rcb_0_i_prediction: RCB-II/III,
GSM615205,sample id: M188,source: MDACC,age_years: 68.0,er_status_ihc: P,pr_status_ihc: N,her2_status: N,er_status_ihc_esr1_for indeterminate: P,clinical_t_stage: T2,clinical_nodal_status: N1,clinical_ajcc_stage: IIB,grade: 2,pathologic_response_pcr_rd: RD,pathologic_response_rcb_class: RCB-III,drfs_1_event_0_censored: 0,drfs_even_time_years: 6.059,esr1_status: P,erbb2_status: N,set_class: SET-Low,chemosensitivity_prediction: Rx Insensitive,ggi_class: High,pam50_class: LumB,dlda30_prediction: RD,rcb_0_i_prediction: RCB-II/III,
GSM615206,sample id: M189,source: MDACC,age_years: 47.0,er_status_ihc: P,pr_status_ihc: P,her2_status: N,er_status_ihc_esr1_for indeterminate: P,clinical_t_stage: T3,clinical_nodal_status: N0,clinical_ajcc_stage: IIB,grade: 3,pathologic_response_pcr_rd: RD,pathologic_response_rcb_class: RCB-0/I,drfs_1_event_0_censored: 0,drfs_even_time_years: 5.829,esr1_status: P,erbb2_status: N,set_class: SET-Low,chemosensitivity_prediction: Rx Sensitive,ggi_class: High,pam50_class: LumB,dlda30_prediction: RD,rcb_0_i_prediction: RCB-0/I,
GSM615207,sample id: M195,source: MDACC,age_years: 42.0,er_status_ihc: P,pr_status_ihc: P,her2_status: N,er_status_ihc_esr1_for indeterminate: P,clinical_t_stage: T2,clinical_nodal_status: N0,clinical_ajcc_stage: IIA,grade: 2,pathologic_response_pcr_rd: RD,pathologic_response_rcb_class: RCB-II,drfs_1_event_0_censored: 0,drfs_even_time_years: 5.793,esr1_status: P,erbb2_status: N,set_class: SET-Int,chemosensitivity_prediction: Rx Sensitive,ggi_class: Low,pam50_class: LumA,dlda30_prediction: RD,rcb_0_i_prediction: RCB-II/III,
GSM615208,sample id: M196,source: MDACC,age_years: 69.0,er_status_ihc: P,pr_status_ihc: P,her2_status: N,er_status_ihc_esr1_for indeterminate: P,clinical_t_stage: T2,clinical_nodal_status: N1,clinical_ajcc_stage: IIB,grade: 2,pathologic_response_pcr_rd: RD,pathologic_response_rcb_class: RCB-III,drfs_1_event_0_censored: 0,drfs_even_time_years: 5.870,esr1_status: P,erbb2_status: N,set_class: SET-Low,chemosensitivity_prediction: Rx Insensitive,ggi_class: Low,pam50_class: LumA,dlda30_prediction: RD,rcb_0_i_prediction: RCB-II/III,
GSM615209,sample id: M199,source: MDACC,age_years: 56.0,er_status_ihc: N,pr_status_ihc: N,her2_status: N,er_status_ihc_esr1_for indeterminate: N,clinical_t_stage: T2,clinical_nodal_status: N3,clinical_ajcc_stage: IIIC,grade: 3,pathologic_response_pcr_rd: pCR,pathologic_response_rcb_class: RCB-0/I,drfs_1_event_0_censored: 1,drfs_even_time_years: 2.133,esr1_status: N,erbb2_status: P,set_class: SET-Low,chemosensitivity_prediction: Rx Insensitive,ggi_class: High,pam50_class: Basal,dlda30_prediction: pCR,rcb_0_i_prediction: RCB-0/I,
GSM615210,sample id: M201,source: MDACC,age_years: 75.0,er_status_ihc: P,pr_status_ihc: N,her2_status: N,er_status_ihc_esr1_for indeterminate: P,clinical_t_stage: T2,clinical_nodal_status: N1,clinical_ajcc_stage: IIB,grade: 2,pathologic_response_pcr_rd: RD,pathologic_response_rcb_class: RCB-II,drfs_1_event_0_censored: 0,drfs_even_time_years: 5.892,esr1_status: P,erbb2_status: P,set_class: SET-Low,chemosensitivity_prediction: Rx Insensitive,ggi_class: Low,pam50_class: LumA,dlda30_prediction: RD,rcb_0_i_prediction: RCB-II/III,
GSM615211,sample id: M205,source: MDACC,age_years: 35.0,er_status_ihc: N,pr_status_ihc: N,her2_status: N,er_status_ihc_esr1_for indeterminate: N,clinical_t_stage: T2,clinical_nodal_status: N1,clinical_ajcc_stage: IIB,grade: 3,pathologic_response_pcr_rd: pCR,pathologic_response_rcb_class: RCB-0/I,drfs_1_event_0_censored: 0,drfs_even_time_years: 5.142,esr1_status: N,erbb2_status: N,set_class: SET-Low,chemosensitivity_prediction: Rx Sensitive,ggi_class: High,pam50_class: Basal,dlda30_prediction: pCR,rcb_0_i_prediction: RCB-0/I,
GSM615212,sample id: M206,source: MDACC,age_years: 48.0,er_status_ihc: N,pr_status_ihc: N,her2_status: N,er_status_ihc_esr1_for indeterminate: N,clinical_t_stage: T2,clinical_nodal_status: N0,clinical_ajcc_stage: IIA,grade: 3,pathologic_response_pcr_rd: pCR,pathologic_response_rcb_class: RCB-0/I,drfs_1_event_0_censored: 0,drfs_even_time_years: 4.684,esr1_status: N,erbb2_status: N,set_class: SET-Low,chemosensitivity_prediction: Rx Sensitive,ggi_class: High,pam50_class: Basal,dlda30_prediction: pCR,rcb_0_i_prediction: RCB-0/I,
GSM615213,sample id: M211,source: MDACC,age_years: 53.0,er_status_ihc: N,pr_status_ihc: N,her2_status: N,er_status_ihc_esr1_for indeterminate: N,clinical_t_stage: T3,clinical_nodal_status: N2,clinical_ajcc_stage: IIIA,grade: 3,pathologic_response_pcr_rd: pCR,pathologic_response_rcb_class: RCB-0/I,drfs_1_event_0_censored: 0,drfs_even_time_years: 4.624,esr1_status: N,erbb2_status: N,set_class: SET-Low,chemosensitivity_prediction: Rx Sensitive,ggi_class: High,pam50_class: Basal,dlda30_prediction: pCR,rcb_0_i_prediction: RCB-0/I,
GSM615214,sample id: M214,source: MDACC,age_years: 54.0,er_status_ihc: P,pr_status_ihc: N,her2_status: N,er_status_ihc_esr1_for indeterminate: P,clinical_t_stage: T2,clinical_nodal_status: N1,clinical_ajcc_stage: IIB,grade: 2,pathologic_response_pcr_rd: RD,pathologic_response_rcb_class: RCB-III,drfs_1_event_0_censored: 0,drfs_even_time_years: 5.536,esr1_status: P,erbb2_status: N,set_class: SET-Low,chemosensitivity_prediction: Rx Insensitive,ggi_class: Low,pam50_class: LumA,dlda30_prediction: RD,rcb_0_i_prediction: RCB-II/III,
GSM615215,sample id: M215,source: MDACC,age_years: 44.0,er_status_ihc: N,pr_status_ihc: N,her2_status: N,er_status_ihc_esr1_for indeterminate: N,clinical_t_stage: T2,clinical_nodal_status: N1,clinical_ajcc_stage: IIB,grade: 3,pathologic_response_pcr_rd: pCR,pathologic_response_rcb_class: RCB-0/I,drfs_1_event_0_censored: 0,drfs_even_time_years: 5.251,esr1_status: N,erbb2_status: N,set_class: SET-Low,chemosensitivity_prediction: Rx Sensitive,ggi_class: High,pam50_class: Her2,dlda30_prediction: pCR,rcb_0_i_prediction: RCB-0/I,
GSM615216,sample id: M216,source: MDACC,age_years: 58.0,er_status_ihc: P,pr_status_ihc: P,her2_status: N,er_status_ihc_esr1_for indeterminate: P,clinical_t_stage: T2,clinical_nodal_status: N1,clinical_ajcc_stage: IIB,grade: 2,pathologic_response_pcr_rd: RD,pathologic_response_rcb_class: RCB-II,drfs_1_event_0_censored: 1,drfs_even_time_years: 2.669,esr1_status: P,erbb2_status: N,set_class: SET-Low,chemosensitivity_prediction: Rx Sensitive,ggi_class: High,pam50_class: LumB,dlda30_prediction: RD,rcb_0_i_prediction: RCB-0/I,
GSM615217,sample id: M217,source: MDACC,age_years: 52.0,er_status_ihc: P,pr_status_ihc: P,her2_status: N,er_status_ihc_esr1_for indeterminate: P,clinical_t_stage: T2,clinical_nodal_status: N0,clinical_ajcc_stage: IIA,grade: 2,pathologic_response_pcr_rd: RD,pathologic_response_rcb_class: RCB-II,drfs_1_event_0_censored: 0,drfs_even_time_years: 5.645,esr1_status: P,erbb2_status: N,set_class: SET-High,chemosensitivity_prediction: Rx Sensitive,ggi_class: Low,pam50_class: LumA,dlda30_prediction: RD,rcb_0_i_prediction: RCB-0/I,
GSM615218,sample id: M219,source: MDACC,age_years: 56.0,er_status_ihc: N,pr_status_ihc: N,her2_status: N,er_status_ihc_esr1_for indeterminate: N,clinical_t_stage: T4,clinical_nodal_status: N3,clinical_ajcc_stage: IIIB,grade: 3,pathologic_response_pcr_rd: RD,pathologic_response_rcb_class: RCB-III,drfs_1_event_0_censored: 1,drfs_even_time_years: 0.575,esr1_status: N,erbb2_status: N,set_class: SET-Low,chemosensitivity_prediction: Rx Insensitive,ggi_class: High,pam50_class: Basal,dlda30_prediction: pCR,rcb_0_i_prediction: RCB-II/III,
GSM615219,sample id: M220,source: MDACC,age_years: 38.0,er_status_ihc: P,pr_status_ihc: N,her2_status: N,er_status_ihc_esr1_for indeterminate: P,clinical_t_stage: T4,clinical_nodal_status: N1,clinical_ajcc_stage: IIIB,grade: 3,pathologic_response_pcr_rd: RD,pathologic_response_rcb_class: RCB-0/I,drfs_1_event_0_censored: 0,drfs_even_time_years: 0.482,esr1_status: P,erbb2_status: N,set_class: SET-Low,chemosensitivity_prediction: Rx Sensitive,ggi_class: High,pam50_class: Basal,dlda30_prediction: RD,rcb_0_i_prediction: RCB-0/I,
GSM615220,sample id: M226,source: MDACC,age_years: 31.0,er_status_ihc: P,pr_status_ihc: P,her2_status: N,er_status_ihc_esr1_for indeterminate: P,clinical_t_stage: T4,clinical_nodal_status: N2,clinical_ajcc_stage: IIIB,grade: 3,pathologic_response_pcr_rd: RD,pathologic_response_rcb_class: RCB-0/I,drfs_1_event_0_censored: 0,drfs_even_time_years: 4.966,esr1_status: P,erbb2_status: N,set_class: SET-Low,chemosensitivity_prediction: Rx Sensitive,ggi_class: High,pam50_class: Normal,dlda30_prediction: RD,rcb_0_i_prediction: RCB-0/I,
GSM615221,sample id: M227,source: MDACC,age_years: 38.0,er_status_ihc: P,pr_status_ihc: P,her2_status: N,er_status_ihc_esr1_for indeterminate: P,clinical_t_stage: T4,clinical_nodal_status: N1,clinical_ajcc_stage: IIB,grade: 3,pathologic_response_pcr_rd: RD,pathologic_response_rcb_class: RCB-II,drfs_1_event_0_censored: 1,drfs_even_time_years: 3.362,esr1_status: P,erbb2_status: N,set_class: SET-Low,chemosensitivity_prediction: Rx Sensitive,ggi_class: High,pam50_class: LumA,dlda30_prediction: RD,rcb_0_i_prediction: RCB-0/I,
GSM615222,sample id: M228,source: MDACC,age_years: 48.0,er_status_ihc: P,pr_status_ihc: N,her2_status: N,er_status_ihc_esr1_for indeterminate: P,clinical_t_stage: T4,clinical_nodal_status: N1,clinical_ajcc_stage: IIIB,grade: 2,pathologic_response_pcr_rd: RD,pathologic_response_rcb_class: RCB-II,drfs_1_event_0_censored: 1,drfs_even_time_years: 1.536,esr1_status: P,erbb2_status: N,set_class: SET-Low,chemosensitivity_prediction: Rx Insensitive,ggi_class: Low,pam50_class: LumA,dlda30_prediction: RD,rcb_0_i_prediction: RCB-0/I,
GSM615223,sample id: M229,source: MDACC,age_years: 57.0,er_status_ihc: N,pr_status_ihc: N,her2_status: N,er_status_ihc_esr1_for indeterminate: N,clinical_t_stage: T3,clinical_nodal_status: N1,clinical_ajcc_stage: IIIA,grade: 3,pathologic_response_pcr_rd: RD,pathologic_response_rcb_class: RCB-III,drfs_1_event_0_censored: 1,drfs_even_time_years: 0.624,esr1_status: N,erbb2_status: N,set_class: SET-Low,chemosensitivity_prediction: Rx Insensitive,ggi_class: High,pam50_class: Basal,dlda30_prediction: pCR,rcb_0_i_prediction: RCB-II/III,
GSM615224,sample id: M231,source: MDACC,age_years: 52.0,er_status_ihc: P,pr_status_ihc: P,her2_status: N,er_status_ihc_esr1_for indeterminate: P,clinical_t_stage: T2,clinical_nodal_status: N0,clinical_ajcc_stage: IIA,grade: 2,pathologic_response_pcr_rd: RD,pathologic_response_rcb_class: RCB-III,drfs_1_event_0_censored: 0,drfs_even_time_years: 4.597,esr1_status: P,erbb2_status: P,set_class: SET-Low,chemosensitivity_prediction: Rx Insensitive,ggi_class: Low,pam50_class: LumA,dlda30_prediction: RD,rcb_0_i_prediction: RCB-II/III,
GSM615225,sample id: M233,source: MDACC,age_years: 60.0,er_status_ihc: N,pr_status_ihc: N,her2_status: N,er_status_ihc_esr1_for indeterminate: N,clinical_t_stage: T4,clinical_nodal_status: N3,clinical_ajcc_stage: IIIB,grade: 3,pathologic_response_pcr_rd: RD,pathologic_response_rcb_class: RCB-III,drfs_1_event_0_censored: 0,drfs_even_time_years: 4.329,esr1_status: N,erbb2_status: N,set_class: SET-Low,chemosensitivity_prediction: Rx Insensitive,ggi_class: High,pam50_class: Basal,dlda30_prediction: pCR,rcb_0_i_prediction: RCB-II/III,
GSM615226,sample id: M234,source: MDACC,age_years: 58.0,er_status_ihc: P,pr_status_ihc: N,her2_status: N,er_status_ihc_esr1_for indeterminate: P,clinical_t_stage: T3,clinical_nodal_status: N0,clinical_ajcc_stage: IIB,grade: 1,pathologic_response_pcr_rd: RD,pathologic_response_rcb_class: RCB-0/I,drfs_1_event_0_censored: 0,drfs_even_time_years: 4.378,esr1_status: N,erbb2_status: N,set_class: SET-Low,chemosensitivity_prediction: Rx Sensitive,ggi_class: Low,pam50_class: Normal,dlda30_prediction: RD,rcb_0_i_prediction: RCB-0/I,
GSM615227,sample id: M236,source: MDACC,age_years: 52.0,er_status_ihc: P,pr_status_ihc: P,her2_status: N,er_status_ihc_esr1_for indeterminate: P,clinical_t_stage: T2,clinical_nodal_status: N1,clinical_ajcc_stage: IIB,grade: 2,pathologic_response_pcr_rd: RD,pathologic_response_rcb_class: RCB-0/I,drfs_1_event_0_censored: 0,drfs_even_time_years: 5.183,esr1_status: P,erbb2_status: N,set_class: SET-Low,chemosensitivity_prediction: Rx Sensitive,ggi_class: High,pam50_class: LumB,dlda30_prediction: RD,rcb_0_i_prediction: RCB-0/I,
GSM615228,sample id: M246,source: MDACC,age_years: 42.0,er_status_ihc: P,pr_status_ihc: N,her2_status: N,er_status_ihc_esr1_for indeterminate: P,clinical_t_stage: T1,clinical_nodal_status: N1,clinical_ajcc_stage: IIA,grade: 3,pathologic_response_pcr_rd: RD,pathologic_response_rcb_class: RCB-III,drfs_1_event_0_censored: 0,drfs_even_time_years: 4.580,esr1_status: P,erbb2_status: N,set_class: SET-Low,chemosensitivity_prediction: Rx Insensitive,ggi_class: Low,pam50_class: LumA,dlda30_prediction: RD,rcb_0_i_prediction: RCB-0/I,
GSM615229,sample id: M255,source: MDACC,age_years: 48.0,er_status_ihc: N,pr_status_ihc: N,her2_status: N,er_status_ihc_esr1_for indeterminate: N,clinical_t_stage: T4,clinical_nodal_status: N3,clinical_ajcc_stage: IIIB,grade: 2,pathologic_response_pcr_rd: RD,pathologic_response_rcb_class: RCB-II,drfs_1_event_0_censored: 0,drfs_even_time_years: 4.890,esr1_status: N,erbb2_status: N,set_class: SET-Int,chemosensitivity_prediction: Rx Sensitive,ggi_class: Low,pam50_class: Normal,dlda30_prediction: RD,rcb_0_i_prediction: RCB-II/III,
GSM615230,sample id: M259,source: MDACC,age_years: 39.0,er_status_ihc: P,pr_status_ihc: P,her2_status: N,er_status_ihc_esr1_for indeterminate: P,clinical_t_stage: T2,clinical_nodal_status: N0,clinical_ajcc_stage: IIA,grade: 3,pathologic_response_pcr_rd: RD,pathologic_response_rcb_class: RCB-0/I,drfs_1_event_0_censored: 0,drfs_even_time_years: 4.008,esr1_status: P,erbb2_status: P,set_class: SET-Low,chemosensitivity_prediction: Rx Sensitive,ggi_class: High,pam50_class: Her2,dlda30_prediction: RD,rcb_0_i_prediction: RCB-0/I,
GSM615231,sample id: M260,source: MDACC,age_years: 49.0,er_status_ihc: P,pr_status_ihc: P,her2_status: N,er_status_ihc_esr1_for indeterminate: P,clinical_t_stage: T3,clinical_nodal_status: N1,clinical_ajcc_stage: IIIA,grade: 2,pathologic_response_pcr_rd: RD,pathologic_response_rcb_class: RCB-III,drfs_1_event_0_censored: 0,drfs_even_time_years: 4.528,esr1_status: P,erbb2_status: N,set_class: SET-Int,chemosensitivity_prediction: Rx Sensitive,ggi_class: Low,pam50_class: LumA,dlda30_prediction: RD,rcb_0_i_prediction: RCB-0/I,
GSM615232,sample id: M261,source: MDACC,age_years: 56.0,er_status_ihc: P,pr_status_ihc: P,her2_status: N,er_status_ihc_esr1_for indeterminate: P,clinical_t_stage: T2,clinical_nodal_status: N0,clinical_ajcc_stage: IIA,grade: 2,pathologic_response_pcr_rd: RD,pathologic_response_rcb_class: RCB-II,drfs_1_event_0_censored: 0,drfs_even_time_years: 3.888,esr1_status: P,erbb2_status: N,set_class: SET-Int,chemosensitivity_prediction: Rx Sensitive,ggi_class: Low,pam50_class: LumA,dlda30_prediction: RD,rcb_0_i_prediction: RCB-II/III,
GSM615233,sample id: M263,source: MDACC,age_years: 72.0,er_status_ihc: P,pr_status_ihc: P,her2_status: N,er_status_ihc_esr1_for indeterminate: P,clinical_t_stage: T2,clinical_nodal_status: N1,clinical_ajcc_stage: IIB,grade: 1,pathologic_response_pcr_rd: RD,pathologic_response_rcb_class: RCB-III,drfs_1_event_0_censored: 1,drfs_even_time_years: 0.791,esr1_status: P,erbb2_status: N,set_class: SET-Low,chemosensitivity_prediction: Rx Insensitive,ggi_class: Low,pam50_class: Normal,dlda30_prediction: RD,rcb_0_i_prediction: RCB-II/III,
GSM615234,sample id: M266,source: MDACC,age_years: 45.0,er_status_ihc: P,pr_status_ihc: N,her2_status: N,er_status_ihc_esr1_for indeterminate: P,clinical_t_stage: T2,clinical_nodal_status: N2,clinical_ajcc_stage: IIIA,grade: 3,pathologic_response_pcr_rd: RD,pathologic_response_rcb_class: RCB-II,drfs_1_event_0_censored: 0,drfs_even_time_years: 4.348,esr1_status: P,erbb2_status: N,set_class: SET-Low,chemosensitivity_prediction: Rx Sensitive,ggi_class: High,pam50_class: Normal,dlda30_prediction: RD,rcb_0_i_prediction: RCB-0/I,
GSM615235,sample id: M270,source: MDACC,age_years: 67.0,er_status_ihc: P,pr_status_ihc: N,her2_status: N,er_status_ihc_esr1_for indeterminate: P,clinical_t_stage: T4,clinical_nodal_status: N0,clinical_ajcc_stage: IIIB,grade: 3,pathologic_response_pcr_rd: RD,pathologic_response_rcb_class: RCB-0/I,drfs_1_event_0_censored: 0,drfs_even_time_years: 4.887,esr1_status: P,erbb2_status: N,set_class: SET-Low,chemosensitivity_prediction: Rx Sensitive,ggi_class: High,pam50_class: LumB,dlda30_prediction: RD,rcb_0_i_prediction: RCB-0/I,
GSM615236,sample id: M280,source: MDACC,age_years: 71.0,er_status_ihc: P,pr_status_ihc: P,her2_status: N,er_status_ihc_esr1_for indeterminate: P,clinical_t_stage: T2,clinical_nodal_status: N3,clinical_ajcc_stage: IIIB,grade: 3,pathologic_response_pcr_rd: RD,pathologic_response_rcb_class: RCB-II,drfs_1_event_0_censored: 1,drfs_even_time_years: 2.877,esr1_status: P,erbb2_status: P,set_class: SET-Low,chemosensitivity_prediction: Rx Insensitive,ggi_class: High,pam50_class: LumA,dlda30_prediction: RD,rcb_0_i_prediction: RCB-0/I,
GSM615237,sample id: M281,source: MDACC,age_years: 45.0,er_status_ihc: P,pr_status_ihc: P,her2_status: N,er_status_ihc_esr1_for indeterminate: P,clinical_t_stage: T2,clinical_nodal_status: N0,clinical_ajcc_stage: IIA,grade: 2,pathologic_response_pcr_rd: RD,pathologic_response_rcb_class: RCB-II,drfs_1_event_0_censored: 0,drfs_even_time_years: 4.575,esr1_status: P,erbb2_status: N,set_class: SET-Low,chemosensitivity_prediction: Rx Insensitive,ggi_class: Low,pam50_class: LumA,dlda30_prediction: RD,rcb_0_i_prediction: RCB-II/III,
GSM615238,sample id: M282,source: MDACC,age_years: 44.0,er_status_ihc: P,pr_status_ihc: N,her2_status: N,er_status_ihc_esr1_for indeterminate: P,clinical_t_stage: T2,clinical_nodal_status: N1,clinical_ajcc_stage: IIB,grade: 2,pathologic_response_pcr_rd: RD,pathologic_response_rcb_class: RCB-II,drfs_1_event_0_censored: 0,drfs_even_time_years: 4.233,esr1_status: P,erbb2_status: P,set_class: SET-Low,chemosensitivity_prediction: Rx Insensitive,ggi_class: High,pam50_class: LumB,dlda30_prediction: RD,rcb_0_i_prediction: RCB-II/III,
GSM615239,sample id: M283,source: MDACC,age_years: 46.0,er_status_ihc: P,pr_status_ihc: N,her2_status: N,er_status_ihc_esr1_for indeterminate: P,clinical_t_stage: T4,clinical_nodal_status: N1,clinical_ajcc_stage: IIIB,grade: 3,pathologic_response_pcr_rd: RD,pathologic_response_rcb_class: RCB-II,drfs_1_event_0_censored: 0,drfs_even_time_years: 4.110,esr1_status: P,erbb2_status: N,set_class: SET-Low,chemosensitivity_prediction: Rx Insensitive,ggi_class: Low,pam50_class: LumA,dlda30_prediction: RD,rcb_0_i_prediction: RCB-II/III,
GSM615240,sample id: M295,source: MDACC,age_years: 48.0,er_status_ihc: N,pr_status_ihc: N,her2_status: N,er_status_ihc_esr1_for indeterminate: N,clinical_t_stage: T2,clinical_nodal_status: N1,clinical_ajcc_stage: IIB,grade: 3,pathologic_response_pcr_rd: pCR,pathologic_response_rcb_class: RCB-0/I,drfs_1_event_0_censored: 0,drfs_even_time_years: 3.803,esr1_status: N,erbb2_status: N,set_class: SET-Low,chemosensitivity_prediction: Rx Insensitive,ggi_class: High,pam50_class: Basal,dlda30_prediction: pCR,rcb_0_i_prediction: RCB-0/I,
GSM615241,sample id: M297,source: MDACC,age_years: 63.0,er_status_ihc: P,pr_status_ihc: N,her2_status: N,er_status_ihc_esr1_for indeterminate: P,clinical_t_stage: T4,clinical_nodal_status: N2,clinical_ajcc_stage: IIIB,grade: 2,pathologic_response_pcr_rd: RD,pathologic_response_rcb_class: RCB-III,drfs_1_event_0_censored: 1,drfs_even_time_years: 0.052,esr1_status: P,erbb2_status: N,set_class: SET-Low,chemosensitivity_prediction: Rx Insensitive,ggi_class: Low,pam50_class: LumA,dlda30_prediction: RD,rcb_0_i_prediction: RCB-0/I,
GSM615242,sample id: M301,source: MDACC,age_years: 46.0,er_status_ihc: N,pr_status_ihc: N,her2_status: N,er_status_ihc_esr1_for indeterminate: N,clinical_t_stage: T3,clinical_nodal_status: N1,clinical_ajcc_stage: IIIA,grade: 3,pathologic_response_pcr_rd: pCR,pathologic_response_rcb_class: RCB-0/I,drfs_1_event_0_censored: 0,drfs_even_time_years: 4.485,esr1_status: N,erbb2_status: N,set_class: SET-Low,chemosensitivity_prediction: Rx Sensitive,ggi_class: High,pam50_class: Basal,dlda30_prediction: pCR,rcb_0_i_prediction: RCB-0/I,
GSM615243,sample id: M304,source: MDACC,age_years: 46.0,er_status_ihc: P,pr_status_ihc: P,her2_status: N,er_status_ihc_esr1_for indeterminate: P,clinical_t_stage: T2,clinical_nodal_status: N0,clinical_ajcc_stage: IIA,grade: 2,pathologic_response_pcr_rd: RD,pathologic_response_rcb_class: RCB-0/I,drfs_1_event_0_censored: 0,drfs_even_time_years: 4.298,esr1_status: P,erbb2_status: N,set_class: SET-Low,chemosensitivity_prediction: Rx Sensitive,ggi_class: High,pam50_class: LumA,dlda30_prediction: RD,rcb_0_i_prediction: RCB-0/I,
GSM615244,sample id: M310,source: MDACC,age_years: 51.0,er_status_ihc: N,pr_status_ihc: N,her2_status: N,er_status_ihc_esr1_for indeterminate: N,clinical_t_stage: T1,clinical_nodal_status: N1,clinical_ajcc_stage: IIA,grade: 3,pathologic_response_pcr_rd: RD,pathologic_response_rcb_class: RCB-0/I,drfs_1_event_0_censored: 0,drfs_even_time_years: 4.063,esr1_status: N,erbb2_status: N,set_class: SET-Low,chemosensitivity_prediction: Rx Sensitive,ggi_class: Low,pam50_class: Basal,dlda30_prediction: pCR,rcb_0_i_prediction: RCB-0/I,
GSM615245,sample id: M315,source: MDACC,age_years: 36.0,er_status_ihc: P,pr_status_ihc: P,her2_status: N,er_status_ihc_esr1_for indeterminate: P,clinical_t_stage: T2,clinical_nodal_status: N1,clinical_ajcc_stage: IIB,grade: 2,pathologic_response_pcr_rd: RD,pathologic_response_rcb_class: RCB-III,drfs_1_event_0_censored: 1,drfs_even_time_years: 2.256,esr1_status: P,erbb2_status: N,set_class: SET-Low,chemosensitivity_prediction: Rx Insensitive,ggi_class: Low,pam50_class: LumA,dlda30_prediction: RD,rcb_0_i_prediction: RCB-II/III,
GSM615246,sample id: M319,source: MDACC,age_years: 26.0,er_status_ihc: P,pr_status_ihc: P,her2_status: N,er_status_ihc_esr1_for indeterminate: P,clinical_t_stage: T2,clinical_nodal_status: N0,clinical_ajcc_stage: IIA,grade: 2,pathologic_response_pcr_rd: RD,pathologic_response_rcb_class: RCB-0/I,drfs_1_event_0_censored: 0,drfs_even_time_years: 4.542,esr1_status: P,erbb2_status: N,set_class: SET-Low,chemosensitivity_prediction: Rx Sensitive,ggi_class: Low,pam50_class: LumA,dlda30_prediction: RD,rcb_0_i_prediction: RCB-0/I,
GSM615247,sample id: M323,source: MDACC,age_years: 40.0,er_status_ihc: P,pr_status_ihc: P,her2_status: N,er_status_ihc_esr1_for indeterminate: P,clinical_t_stage: T1,clinical_nodal_status: N1,clinical_ajcc_stage: IIA,grade: 3,pathologic_response_pcr_rd: RD,pathologic_response_rcb_class: RCB-III,drfs_1_event_0_censored: 0,drfs_even_time_years: 4.027,esr1_status: P,erbb2_status: N,set_class: SET-High,chemosensitivity_prediction: Rx Sensitive,ggi_class: Low,pam50_class: LumA,dlda30_prediction: RD,rcb_0_i_prediction: RCB-II/III,
GSM615248,sample id: M332,source: MDACC,age_years: 42.0,er_status_ihc: P,pr_status_ihc: P,her2_status: N,er_status_ihc_esr1_for indeterminate: P,clinical_t_stage: T3,clinical_nodal_status: N1,clinical_ajcc_stage: IIIA,grade: 3,pathologic_response_pcr_rd: RD,pathologic_response_rcb_class: RCB-II,drfs_1_event_0_censored: 0,drfs_even_time_years: 3.214,esr1_status: N,erbb2_status: N,set_class: SET-Low,chemosensitivity_prediction: Rx Insensitive,ggi_class: High,pam50_class: Basal,dlda30_prediction: pCR,rcb_0_i_prediction: RCB-II/III,
GSM615249,sample id: M333,source: MDACC,age_years: 67.0,er_status_ihc: P,pr_status_ihc: P,her2_status: N,er_status_ihc_esr1_for indeterminate: P,clinical_t_stage: T2,clinical_nodal_status: N1,clinical_ajcc_stage: IIB,grade: 3,pathologic_response_pcr_rd: RD,pathologic_response_rcb_class: RCB-II,drfs_1_event_0_censored: 1,drfs_even_time_years: 3.756,esr1_status: P,erbb2_status: N,set_class: SET-Low,chemosensitivity_prediction: Rx Insensitive,ggi_class: High,pam50_class: Her2,dlda30_prediction: RD,rcb_0_i_prediction: RCB-II/III,
GSM615250,sample id: M334,source: MDACC,age_years: 63.0,er_status_ihc: N,pr_status_ihc: N,her2_status: N,er_status_ihc_esr1_for indeterminate: N,clinical_t_stage: T1,clinical_nodal_status: N1,clinical_ajcc_stage: IIA,grade: 3,pathologic_response_pcr_rd: RD,pathologic_response_rcb_class: RCB-II,drfs_1_event_0_censored: 0,drfs_even_time_years: 3.745,esr1_status: N,erbb2_status: N,set_class: SET-Low,chemosensitivity_prediction: Rx Insensitive,ggi_class: High,pam50_class: Her2,dlda30_prediction: pCR,rcb_0_i_prediction: RCB-II/III,
GSM615251,sample id: M339,source: MDACC,age_years: 44.0,er_status_ihc: N,pr_status_ihc: N,her2_status: N,er_status_ihc_esr1_for indeterminate: N,clinical_t_stage: T2,clinical_nodal_status: N1,clinical_ajcc_stage: IIB,grade: 3,pathologic_response_pcr_rd: RD,pathologic_response_rcb_class: RCB-II,drfs_1_event_0_censored: 0,drfs_even_time_years: 3.754,esr1_status: N,erbb2_status: N,set_class: SET-Low,chemosensitivity_prediction: Rx Insensitive,ggi_class: High,pam50_class: Basal,dlda30_prediction: pCR,rcb_0_i_prediction: RCB-II/III,
GSM615252,sample id: M340,source: MDACC,age_years: 54.0,er_status_ihc: P,pr_status_ihc: N,her2_status: N,er_status_ihc_esr1_for indeterminate: P,clinical_t_stage: T4,clinical_nodal_status: N1,clinical_ajcc_stage: IIIB,grade: 2,pathologic_response_pcr_rd: RD,pathologic_response_rcb_class: RCB-II,drfs_1_event_0_censored: 0,drfs_even_time_years: 4.194,esr1_status: P,erbb2_status: N,set_class: SET-Low,chemosensitivity_prediction: Rx Insensitive,ggi_class: Low,pam50_class: LumA,dlda30_prediction: RD,rcb_0_i_prediction: RCB-II/III,
GSM615253,sample id: M341,source: MDACC,age_years: 41.0,er_status_ihc: P,pr_status_ihc: N,her2_status: N,er_status_ihc_esr1_for indeterminate: P,clinical_t_stage: T2,clinical_nodal_status: N1,clinical_ajcc_stage: IIB,grade: 2,pathologic_response_pcr_rd: RD,pathologic_response_rcb_class: RCB-III,drfs_1_event_0_censored: 0,drfs_even_time_years: 4.057,esr1_status: P,erbb2_status: N,set_class: SET-Low,chemosensitivity_prediction: Rx Insensitive,ggi_class: High,pam50_class: LumB,dlda30_prediction: RD,rcb_0_i_prediction: RCB-II/III,
GSM615254,sample id: M343,source: MDACC,age_years: 49.0,er_status_ihc: P,pr_status_ihc: P,her2_status: N,er_status_ihc_esr1_for indeterminate: P,clinical_t_stage: T2,clinical_nodal_status: N3,clinical_ajcc_stage: IIIC,grade: 2,pathologic_response_pcr_rd: RD,pathologic_response_rcb_class: RCB-II,drfs_1_event_0_censored: 0,drfs_even_time_years: 4.153,esr1_status: P,erbb2_status: N,set_class: SET-Int,chemosensitivity_prediction: Rx Sensitive,ggi_class: Low,pam50_class: LumA,dlda30_prediction: RD,rcb_0_i_prediction: RCB-0/I,
GSM615255,sample id: M345,source: MDACC,age_years: 39.0,er_status_ihc: N,pr_status_ihc: N,her2_status: N,er_status_ihc_esr1_for indeterminate: N,clinical_t_stage: T4,clinical_nodal_status: N2,clinical_ajcc_stage: IIIB,grade: 3,pathologic_response_pcr_rd: RD,pathologic_response_rcb_class: RCB-III,drfs_1_event_0_censored: 1,drfs_even_time_years: 0.854,esr1_status: N,erbb2_status: N,set_class: SET-Low,chemosensitivity_prediction: Rx Insensitive,ggi_class: High,pam50_class: Basal,dlda30_prediction: pCR,rcb_0_i_prediction: RCB-II/III,
GSM615256,sample id: M353,source: MDACC,age_years: 51.0,er_status_ihc: P,pr_status_ihc: N,her2_status: N,er_status_ihc_esr1_for indeterminate: P,clinical_t_stage: T3,clinical_nodal_status: N1,clinical_ajcc_stage: IIIA,grade: 3,pathologic_response_pcr_rd: pCR,pathologic_response_rcb_class: RCB-0/I,drfs_1_event_0_censored: 0,drfs_even_time_years: 3.647,esr1_status: P,erbb2_status: N,set_class: SET-Low,chemosensitivity_prediction: Rx Sensitive,ggi_class: High,pam50_class: LumB,dlda30_prediction: RD,rcb_0_i_prediction: RCB-0/I,
GSM615257,sample id: M355,source: MDACC,age_years: 59.0,er_status_ihc: P,pr_status_ihc: P,her2_status: N,er_status_ihc_esr1_for indeterminate: P,clinical_t_stage: T3,clinical_nodal_status: N2,clinical_ajcc_stage: IIIA,grade: 1,pathologic_response_pcr_rd: RD,pathologic_response_rcb_class: RCB-II,drfs_1_event_0_censored: 0,drfs_even_time_years: 3.540,esr1_status: P,erbb2_status: N,set_class: SET-Low,chemosensitivity_prediction: Rx Insensitive,ggi_class: Low,pam50_class: Normal,dlda30_prediction: RD,rcb_0_i_prediction: RCB-II/III,
GSM615258,sample id: M356,source: MDACC,age_years: 55.0,er_status_ihc: P,pr_status_ihc: P,her2_status: N,er_status_ihc_esr1_for indeterminate: P,clinical_t_stage: T2,clinical_nodal_status: N1,clinical_ajcc_stage: IIB,grade: 2,pathologic_response_pcr_rd: RD,pathologic_response_rcb_class: RCB-II,drfs_1_event_0_censored: 0,drfs_even_time_years: 3.469,esr1_status: P,erbb2_status: N,set_class: SET-Int,chemosensitivity_prediction: Rx Sensitive,ggi_class: Low,pam50_class: Normal,dlda30_prediction: RD,rcb_0_i_prediction: RCB-II/III,
GSM615259,sample id: M357,source: MDACC,age_years: 62.0,er_status_ihc: P,pr_status_ihc: P,her2_status: N,er_status_ihc_esr1_for indeterminate: P,clinical_t_stage: T2,clinical_nodal_status: N0,clinical_ajcc_stage: IIA,grade: 2,pathologic_response_pcr_rd: RD,pathologic_response_rcb_class: RCB-III,drfs_1_event_0_censored: 0,drfs_even_time_years: 3.775,esr1_status: P,erbb2_status: N,set_class: SET-High,chemosensitivity_prediction: Rx Sensitive,ggi_class: High,pam50_class: LumA,dlda30_prediction: RD,rcb_0_i_prediction: RCB-II/III,
GSM615260,sample id: M360,source: MDACC,age_years: 56.0,er_status_ihc: P,pr_status_ihc: P,her2_status: N,er_status_ihc_esr1_for indeterminate: P,clinical_t_stage: T0,clinical_nodal_status: N3,clinical_ajcc_stage: IIIB,grade: 3,pathologic_response_pcr_rd: RD,pathologic_response_rcb_class: RCB-II,drfs_1_event_0_censored: 1,drfs_even_time_years: 1.752,esr1_status: P,erbb2_status: N,set_class: SET-Low,chemosensitivity_prediction: Rx Insensitive,ggi_class: High,pam50_class: Basal,dlda30_prediction: pCR,rcb_0_i_prediction: RCB-0/I,
GSM615261,sample id: M363,source: MDACC,age_years: 58.0,er_status_ihc: P,pr_status_ihc: P,her2_status: N,er_status_ihc_esr1_for indeterminate: P,clinical_t_stage: T3,clinical_nodal_status: N0,clinical_ajcc_stage: IIB,grade: 3,pathologic_response_pcr_rd: RD,pathologic_response_rcb_class: RCB-II,drfs_1_event_0_censored: 0,drfs_even_time_years: 2.973,esr1_status: P,erbb2_status: N,set_class: SET-Low,chemosensitivity_prediction: Rx Sensitive,ggi_class: High,pam50_class: LumA,dlda30_prediction: RD,rcb_0_i_prediction: RCB-0/I,
GSM615262,sample id: M365,source: MDACC,age_years: 42.0,er_status_ihc: P,pr_status_ihc: P,her2_status: N,er_status_ihc_esr1_for indeterminate: P,clinical_t_stage: T2,clinical_nodal_status: N1,clinical_ajcc_stage: IIB,grade: 1,pathologic_response_pcr_rd: RD,pathologic_response_rcb_class: RCB-II,drfs_1_event_0_censored: 0,drfs_even_time_years: 4.783,esr1_status: P,erbb2_status: N,set_class: SET-Low,chemosensitivity_prediction: Rx Insensitive,ggi_class: Low,pam50_class: LumA,dlda30_prediction: RD,rcb_0_i_prediction: RCB-II/III,
GSM615263,sample id: M367,source: MDACC,age_years: 61.0,er_status_ihc: N,pr_status_ihc: N,her2_status: N,er_status_ihc_esr1_for indeterminate: N,clinical_t_stage: T4,clinical_nodal_status: N1,clinical_ajcc_stage: IIIB,grade: 3,pathologic_response_pcr_rd: pCR,pathologic_response_rcb_class: RCB-0/I,drfs_1_event_0_censored: 0,drfs_even_time_years: 2.992,esr1_status: N,erbb2_status: N,set_class: SET-Low,chemosensitivity_prediction: Rx Sensitive,ggi_class: High,pam50_class: Normal,dlda30_prediction: RD,rcb_0_i_prediction: RCB-0/I,
GSM615264,sample id: M373,source: MDACC,age_years: 45.0,er_status_ihc: N,pr_status_ihc: N,her2_status: N,er_status_ihc_esr1_for indeterminate: N,clinical_t_stage: T2,clinical_nodal_status: N0,clinical_ajcc_stage: IIA,grade: 3,pathologic_response_pcr_rd: pCR,pathologic_response_rcb_class: RCB-0/I,drfs_1_event_0_censored: 0,drfs_even_time_years: 3.732,esr1_status: N,erbb2_status: N,set_class: SET-Low,chemosensitivity_prediction: Rx Insensitive,ggi_class: High,pam50_class: Basal,dlda30_prediction: pCR,rcb_0_i_prediction: RCB-0/I,
GSM615265,sample id: M375,source: MDACC,age_years: 63.0,er_status_ihc: N,pr_status_ihc: N,her2_status: N,er_status_ihc_esr1_for indeterminate: N,clinical_t_stage: T2,clinical_nodal_status: N1,clinical_ajcc_stage: IIB,grade: 3,pathologic_response_pcr_rd: RD,pathologic_response_rcb_class: RCB-II,drfs_1_event_0_censored: 0,drfs_even_time_years: 3.685,esr1_status: P,erbb2_status: N,set_class: SET-Int,chemosensitivity_prediction: Rx Sensitive,ggi_class: Low,pam50_class: Normal,dlda30_prediction: RD,rcb_0_i_prediction: RCB-II/III,
GSM615266,sample id: M384,source: MDACC,age_years: 60.0,er_status_ihc: P,pr_status_ihc: P,her2_status: N,er_status_ihc_esr1_for indeterminate: P,clinical_t_stage: T3,clinical_nodal_status: N0,clinical_ajcc_stage: IIB,grade: 2,pathologic_response_pcr_rd: RD,pathologic_response_rcb_class: RCB-II,drfs_1_event_0_censored: 0,drfs_even_time_years: 3.518,esr1_status: P,erbb2_status: N,set_class: SET-Int,chemosensitivity_prediction: Rx Sensitive,ggi_class: Low,pam50_class: LumA,dlda30_prediction: RD,rcb_0_i_prediction: RCB-II/III,
GSM615267,sample id: M386,source: MDACC,age_years: 42.0,er_status_ihc: P,pr_status_ihc: N,her2_status: N,er_status_ihc_esr1_for indeterminate: P,clinical_t_stage: T2,clinical_nodal_status: N0,clinical_ajcc_stage: IIA,grade: 2,pathologic_response_pcr_rd: RD,pathologic_response_rcb_class: RCB-II,drfs_1_event_0_censored: 1,drfs_even_time_years: 3.277,esr1_status: P,erbb2_status: P,set_class: SET-Low,chemosensitivity_prediction: Rx Sensitive,ggi_class: High,pam50_class: LumB,dlda30_prediction: RD,rcb_0_i_prediction: RCB-0/I,
GSM615268,sample id: M396,source: MDACC,age_years: 35.0,er_status_ihc: P,pr_status_ihc: N,her2_status: N,er_status_ihc_esr1_for indeterminate: P,clinical_t_stage: T2,clinical_nodal_status: N2,clinical_ajcc_stage: IIIA,grade: 1,pathologic_response_pcr_rd: RD,pathologic_response_rcb_class: RCB-III,drfs_1_event_0_censored: 0,drfs_even_time_years: 3.504,esr1_status: P,erbb2_status: N,set_class: SET-Low,chemosensitivity_prediction: Rx Insensitive,ggi_class: Low,pam50_class: LumA,dlda30_prediction: RD,rcb_0_i_prediction: RCB-II/III,
GSM615269,sample id: M399,source: MDACC,age_years: 40.0,er_status_ihc: P,pr_status_ihc: P,her2_status: N,er_status_ihc_esr1_for indeterminate: P,clinical_t_stage: T2,clinical_nodal_status: N1,clinical_ajcc_stage: IIB,grade: 2,pathologic_response_pcr_rd: RD,pathologic_response_rcb_class: RCB-II,drfs_1_event_0_censored: 0,drfs_even_time_years: 3.283,esr1_status: P,erbb2_status: N,set_class: SET-Low,chemosensitivity_prediction: Rx Insensitive,ggi_class: Low,pam50_class: LumB,dlda30_prediction: RD,rcb_0_i_prediction: RCB-II/III,
GSM615270,sample id: M402,source: MDACC,age_years: 38.0,er_status_ihc: N,pr_status_ihc: N,her2_status: N,er_status_ihc_esr1_for indeterminate: N,clinical_t_stage: T4,clinical_nodal_status: N2,clinical_ajcc_stage: IIIB,grade: 3,pathologic_response_pcr_rd: pCR,pathologic_response_rcb_class: RCB-0/I,drfs_1_event_0_censored: 0,drfs_even_time_years: 3.715,esr1_status: N,erbb2_status: N,set_class: SET-Low,chemosensitivity_prediction: Rx Insensitive,ggi_class: High,pam50_class: Basal,dlda30_prediction: pCR,rcb_0_i_prediction: RCB-0/I,
GSM615271,sample id: M411,source: MDACC,age_years: 44.0,er_status_ihc: P,pr_status_ihc: P,her2_status: N,er_status_ihc_esr1_for indeterminate: P,clinical_t_stage: T2,clinical_nodal_status: N1,clinical_ajcc_stage: IIB,grade: 2,pathologic_response_pcr_rd: RD,pathologic_response_rcb_class: RCB-III,drfs_1_event_0_censored: 1,drfs_even_time_years: 1.881,esr1_status: N,erbb2_status: P,set_class: SET-Low,chemosensitivity_prediction: Rx Sensitive,ggi_class: High,pam50_class: Her2,dlda30_prediction: pCR,rcb_0_i_prediction: RCB-0/I,
GSM615272,sample id: M417,source: MDACC,age_years: 63.0,er_status_ihc: P,pr_status_ihc: P,her2_status: N,er_status_ihc_esr1_for indeterminate: P,clinical_t_stage: T2,clinical_nodal_status: N1,clinical_ajcc_stage: IIB,grade: 2,pathologic_response_pcr_rd: RD,pathologic_response_rcb_class: RCB-II,drfs_1_event_0_censored: 0,drfs_even_time_years: 3.775,esr1_status: P,erbb2_status: N,set_class: SET-Low,chemosensitivity_prediction: Rx Insensitive,ggi_class: Low,pam50_class: LumB,dlda30_prediction: pCR,rcb_0_i_prediction: RCB-II/III,
GSM615273,sample id: M421,source: MDACC,age_years: 48.0,er_status_ihc: P,pr_status_ihc: P,her2_status: N,er_status_ihc_esr1_for indeterminate: P,clinical_t_stage: T2,clinical_nodal_status: N1,clinical_ajcc_stage: IIB,grade: 2,pathologic_response_pcr_rd: RD,pathologic_response_rcb_class: RCB-III,drfs_1_event_0_censored: 0,drfs_even_time_years: 2.281,esr1_status: P,erbb2_status: N,set_class: SET-Low,chemosensitivity_prediction: Rx Insensitive,ggi_class: High,pam50_class: LumA,dlda30_prediction: RD,rcb_0_i_prediction: RCB-II/III,
GSM615274,sample id: M423,source: MDACC,age_years: 68.0,er_status_ihc: P,pr_status_ihc: P,her2_status: N,er_status_ihc_esr1_for indeterminate: P,clinical_t_stage: T0,clinical_nodal_status: N3,clinical_ajcc_stage: IIIC,grade: 2,pathologic_response_pcr_rd: RD,pathologic_response_rcb_class: RCB-II,drfs_1_event_0_censored: 1,drfs_even_time_years: 0.794,esr1_status: N,erbb2_status: N,set_class: SET-Low,chemosensitivity_prediction: Rx Insensitive,ggi_class: High,pam50_class: Her2,dlda30_prediction: pCR,rcb_0_i_prediction: RCB-0/I,
GSM615275,sample id: M425,source: MDACC,age_years: 60.0,er_status_ihc: N,pr_status_ihc: N,her2_status: N,er_status_ihc_esr1_for indeterminate: N,clinical_t_stage: T4,clinical_nodal_status: N1,clinical_ajcc_stage: IIIB,grade: 2,pathologic_response_pcr_rd: RD,pathologic_response_rcb_class: RCB-II,drfs_1_event_0_censored: 1,drfs_even_time_years: 2.396,esr1_status: N,erbb2_status: N,set_class: SET-Low,chemosensitivity_prediction: Rx Insensitive,ggi_class: High,pam50_class: Basal,dlda30_prediction: pCR,rcb_0_i_prediction: RCB-II/III,
GSM615276,sample id: M430,source: MDACC,age_years: 52.0,er_status_ihc: N,pr_status_ihc: N,her2_status: N,er_status_ihc_esr1_for indeterminate: N,clinical_t_stage: T3,clinical_nodal_status: N1,clinical_ajcc_stage: IIIA,grade: 3,pathologic_response_pcr_rd: RD,pathologic_response_rcb_class: RCB-0/I,drfs_1_event_0_censored: 0,drfs_even_time_years: 3.272,esr1_status: N,erbb2_status: N,set_class: SET-Low,chemosensitivity_prediction: Rx Sensitive,ggi_class: High,pam50_class: Basal,dlda30_prediction: pCR,rcb_0_i_prediction: RCB-0/I,
GSM615277,sample id: M431,source: MDACC,age_years: 50.0,er_status_ihc: P,pr_status_ihc: P,her2_status: N,er_status_ihc_esr1_for indeterminate: P,clinical_t_stage: T2,clinical_nodal_status: N1,clinical_ajcc_stage: IIB,grade: 2,pathologic_response_pcr_rd: RD,pathologic_response_rcb_class: RCB-II,drfs_1_event_0_censored: 0,drfs_even_time_years: 3.587,esr1_status: P,erbb2_status: N,set_class: SET-High,chemosensitivity_prediction: Rx Sensitive,ggi_class: Low,pam50_class: LumA,dlda30_prediction: RD,rcb_0_i_prediction: RCB-II/III,
GSM615278,sample id: M433,source: MDACC,age_years: 47.0,er_status_ihc: P,pr_status_ihc: P,her2_status: N,er_status_ihc_esr1_for indeterminate: P,clinical_t_stage: T2,clinical_nodal_status: N0,clinical_ajcc_stage: IIA,grade: 3,pathologic_response_pcr_rd: RD,pathologic_response_rcb_class: RCB-II,drfs_1_event_0_censored: 0,drfs_even_time_years: 3.250,esr1_status: P,erbb2_status: N,set_class: SET-Low,chemosensitivity_prediction: Rx Insensitive,ggi_class: Low,pam50_class: LumA,dlda30_prediction: RD,rcb_0_i_prediction: RCB-II/III,
GSM615279,sample id: M434,source: MDACC,age_years: 50.0,er_status_ihc: P,pr_status_ihc: P,her2_status: N,er_status_ihc_esr1_for indeterminate: P,clinical_t_stage: T2,clinical_nodal_status: N1,clinical_ajcc_stage: IIB,grade: 2,pathologic_response_pcr_rd: RD,pathologic_response_rcb_class: RCB-III,drfs_1_event_0_censored: 1,drfs_even_time_years: 2.188,esr1_status: P,erbb2_status: N,set_class: SET-Low,chemosensitivity_prediction: Rx Insensitive,ggi_class: High,pam50_class: LumB,dlda30_prediction: RD,rcb_0_i_prediction: RCB-II/III,
GSM615280,sample id: M442,source: MDACC,age_years: 41.0,er_status_ihc: P,pr_status_ihc: P,her2_status: N,er_status_ihc_esr1_for indeterminate: P,clinical_t_stage: T3,clinical_nodal_status: N1,clinical_ajcc_stage: IIIA,grade: 3,pathologic_response_pcr_rd: pCR,pathologic_response_rcb_class: RCB-0/I,drfs_1_event_0_censored: 0,drfs_even_time_years: 3.447,esr1_status: P,erbb2_status: P,set_class: SET-High,chemosensitivity_prediction: Rx Sensitive,ggi_class: High,pam50_class: Her2,dlda30_prediction: RD,rcb_0_i_prediction: RCB-0/I,
GSM615281,sample id: M447,source: MDACC,age_years: 44.0,er_status_ihc: P,pr_status_ihc: N,her2_status: N,er_status_ihc_esr1_for indeterminate: P,clinical_t_stage: T2,clinical_nodal_status: N0,clinical_ajcc_stage: IIA,grade: 2,pathologic_response_pcr_rd: RD,pathologic_response_rcb_class: RCB-0/I,drfs_1_event_0_censored: 0,drfs_even_time_years: 2.489,esr1_status: P,erbb2_status: N,set_class: SET-Low,chemosensitivity_prediction: Rx Sensitive,ggi_class: High,pam50_class: LumB,dlda30_prediction: RD,rcb_0_i_prediction: RCB-0/I,
GSM615282,sample id: M463,source: MDACC,age_years: 60.0,er_status_ihc: P,pr_status_ihc: N,her2_status: N,er_status_ihc_esr1_for indeterminate: P,clinical_t_stage: T4,clinical_nodal_status: N1,clinical_ajcc_stage: IIIB,grade: 2,pathologic_response_pcr_rd: RD,pathologic_response_rcb_class: RCB-II,drfs_1_event_0_censored: 0,drfs_even_time_years: 3.009,esr1_status: P,erbb2_status: N,set_class: SET-Low,chemosensitivity_prediction: Rx Sensitive,ggi_class: High,pam50_class: Her2,dlda30_prediction: RD,rcb_0_i_prediction: RCB-0/I,
GSM615283,sample id: M469,source: MDACC,age_years: 57.0,er_status_ihc: P,pr_status_ihc: N,her2_status: N,er_status_ihc_esr1_for indeterminate: P,clinical_t_stage: T2,clinical_nodal_status: N3,clinical_ajcc_stage: IIIC,grade: 2,pathologic_response_pcr_rd: RD,pathologic_response_rcb_class: RCB-II,drfs_1_event_0_censored: 0,drfs_even_time_years: 3.187,esr1_status: P,erbb2_status: N,set_class: SET-Low,chemosensitivity_prediction: Rx Insensitive,ggi_class: High,pam50_class: LumA,dlda30_prediction: RD,rcb_0_i_prediction: RCB-II/III,
GSM615284,sample id: M485,source: MDACC,age_years: 50.0,er_status_ihc: N,pr_status_ihc: N,her2_status: N,er_status_ihc_esr1_for indeterminate: N,clinical_t_stage: T4,clinical_nodal_status: N2,clinical_ajcc_stage: IIIB,grade: 3,pathologic_response_pcr_rd: pCR,pathologic_response_rcb_class: RCB-0/I,drfs_1_event_0_censored: 0,drfs_even_time_years: 2.842,esr1_status: N,erbb2_status: N,set_class: SET-Low,chemosensitivity_prediction: Rx Sensitive,ggi_class: High,pam50_class: Basal,dlda30_prediction: pCR,rcb_0_i_prediction: RCB-0/I,
GSM615285,sample id: M486,source: MDACC,age_years: 44.0,er_status_ihc: P,pr_status_ihc: P,her2_status: N,er_status_ihc_esr1_for indeterminate: P,clinical_t_stage: T2,clinical_nodal_status: N0,clinical_ajcc_stage: IIA,grade: 3,pathologic_response_pcr_rd: RD,pathologic_response_rcb_class: RCB-II,drfs_1_event_0_censored: 0,drfs_even_time_years: 3.368,esr1_status: P,erbb2_status: N,set_class: SET-Low,chemosensitivity_prediction: Rx Insensitive,ggi_class: Low,pam50_class: LumA,dlda30_prediction: RD,rcb_0_i_prediction: RCB-II/III,
GSM615286,sample id: M497,source: MDACC,age_years: 62.0,er_status_ihc: P,pr_status_ihc: N,her2_status: N,er_status_ihc_esr1_for indeterminate: P,clinical_t_stage: T2,clinical_nodal_status: N3,clinical_ajcc_stage: IIIC,grade: 2,pathologic_response_pcr_rd: RD,pathologic_response_rcb_class: RCB-0/I,drfs_1_event_0_censored: 0,drfs_even_time_years: 3.159,esr1_status: N,erbb2_status: N,set_class: SET-Low,chemosensitivity_prediction: Rx Sensitive,ggi_class: High,pam50_class: Her2,dlda30_prediction: RD,rcb_0_i_prediction: RCB-0/I,
GSM615287,sample id: M502,source: MDACC,age_years: 50.0,er_status_ihc: N,pr_status_ihc: N,her2_status: N,er_status_ihc_esr1_for indeterminate: N,clinical_t_stage: T2,clinical_nodal_status: N0,clinical_ajcc_stage: IIA,grade: 2,pathologic_response_pcr_rd: RD,pathologic_response_rcb_class: RCB-III,drfs_1_event_0_censored: 1,drfs_even_time_years: 1.717,esr1_status: N,erbb2_status: N,set_class: SET-Low,chemosensitivity_prediction: Rx Insensitive,ggi_class: Low,pam50_class: Normal,dlda30_prediction: RD,rcb_0_i_prediction: RCB-II/III,
GSM615288,sample id: M503,source: MDACC,age_years: 38.0,er_status_ihc: N,pr_status_ihc: N,her2_status: N,er_status_ihc_esr1_for indeterminate: N,clinical_t_stage: T1,clinical_nodal_status: N0,clinical_ajcc_stage: I,grade: 3,pathologic_response_pcr_rd: RD,pathologic_response_rcb_class: RCB-0/I,drfs_1_event_0_censored: 0,drfs_even_time_years: 2.604,esr1_status: N,erbb2_status: N,set_class: SET-Low,chemosensitivity_prediction: Rx Insensitive,ggi_class: High,pam50_class: Basal,dlda30_prediction: pCR,rcb_0_i_prediction: RCB-0/I,
GSM615289,sample id: M506,source: MDACC,age_years: 46.0,er_status_ihc: P,pr_status_ihc: P,her2_status: N,er_status_ihc_esr1_for indeterminate: P,clinical_t_stage: T2,clinical_nodal_status: N1,clinical_ajcc_stage: IIB,grade: 2,pathologic_response_pcr_rd: RD,pathologic_response_rcb_class: RCB-II,drfs_1_event_0_censored: 0,drfs_even_time_years: 3.028,esr1_status: P,erbb2_status: N,set_class: SET-Low,chemosensitivity_prediction: Rx Sensitive,ggi_class: High,pam50_class: LumB,dlda30_prediction: RD,rcb_0_i_prediction: RCB-0/I,
GSM615290,sample id: M507,source: MDACC,age_years: 66.0,er_status_ihc: P,pr_status_ihc: P,her2_status: N,er_status_ihc_esr1_for indeterminate: P,clinical_t_stage: T2,clinical_nodal_status: N0,clinical_ajcc_stage: IIA,grade: 2,pathologic_response_pcr_rd: RD,pathologic_response_rcb_class: RCB-II,drfs_1_event_0_censored: 0,drfs_even_time_years: 3.151,esr1_status: N,erbb2_status: N,set_class: SET-Low,chemosensitivity_prediction: Rx Insensitive,ggi_class: High,pam50_class: Basal,dlda30_prediction: pCR,rcb_0_i_prediction: RCB-II/III,
GSM615291,sample id: M513,source: MDACC,age_years: 59.0,er_status_ihc: N,pr_status_ihc: N,her2_status: N,er_status_ihc_esr1_for indeterminate: N,clinical_t_stage: T2,clinical_nodal_status: N1,clinical_ajcc_stage: IIB,grade: 3,pathologic_response_pcr_rd: pCR,pathologic_response_rcb_class: RCB-0/I,drfs_1_event_0_censored: 1,drfs_even_time_years: 0.709,esr1_status: N,erbb2_status: N,set_class: SET-Low,chemosensitivity_prediction: Rx Sensitive,ggi_class: High,pam50_class: Basal,dlda30_prediction: pCR,rcb_0_i_prediction: RCB-0/I,
GSM615292,sample id: M523,source: MDACC,age_years: 47.0,er_status_ihc: P,pr_status_ihc: P,her2_status: N,er_status_ihc_esr1_for indeterminate: P,clinical_t_stage: T2,clinical_nodal_status: N1,clinical_ajcc_stage: IIB,grade: 2,pathologic_response_pcr_rd: RD,pathologic_response_rcb_class: RCB-II,drfs_1_event_0_censored: 0,drfs_even_time_years: 2.371,esr1_status: P,erbb2_status: N,set_class: SET-High,chemosensitivity_prediction: Rx Sensitive,ggi_class: Low,pam50_class: LumA,dlda30_prediction: RD,rcb_0_i_prediction: RCB-0/I,
GSM615293,sample id: M524,source: MDACC,age_years: 31.0,er_status_ihc: N,pr_status_ihc: N,her2_status: N,er_status_ihc_esr1_for indeterminate: N,clinical_t_stage: T2,clinical_nodal_status: N1,clinical_ajcc_stage: IIA,grade: 3,pathologic_response_pcr_rd: pCR,pathologic_response_rcb_class: RCB-0/I,drfs_1_event_0_censored: 1,drfs_even_time_years: 1.372,esr1_status: N,erbb2_status: N,set_class: SET-Low,chemosensitivity_prediction: Rx Insensitive,ggi_class: High,pam50_class: Basal,dlda30_prediction: pCR,rcb_0_i_prediction: RCB-0/I,
GSM615294,sample id: M525,source: MDACC,age_years: 45.0,er_status_ihc: P,pr_status_ihc: N,her2_status: N,er_status_ihc_esr1_for indeterminate: P,clinical_t_stage: T2,clinical_nodal_status: N0,clinical_ajcc_stage: IIA,grade: 3,pathologic_response_pcr_rd: RD,pathologic_response_rcb_class: RCB-II,drfs_1_event_0_censored: 0,drfs_even_time_years: 3.047,esr1_status: P,erbb2_status: N,set_class: SET-Int,chemosensitivity_prediction: Rx Sensitive,ggi_class: High,pam50_class: Normal,dlda30_prediction: RD,rcb_0_i_prediction: RCB-II/III,
GSM615295,sample id: M531,source: MDACC,age_years: 53.0,er_status_ihc: N,pr_status_ihc: N,her2_status: N,er_status_ihc_esr1_for indeterminate: N,clinical_t_stage: T4,clinical_nodal_status: N3,clinical_ajcc_stage: IIIB,grade: 3,pathologic_response_pcr_rd: RD,pathologic_response_rcb_class: RCB-II,drfs_1_event_0_censored: 0,drfs_even_time_years: 1.856,esr1_status: P,erbb2_status: N,set_class: SET-Low,chemosensitivity_prediction: Rx Insensitive,ggi_class: Low,pam50_class: Normal,dlda30_prediction: RD,rcb_0_i_prediction: RCB-0/I,
GSM615296,sample id: M534,source: MDACC,age_years: 46.0,er_status_ihc: P,pr_status_ihc: P,her2_status: N,er_status_ihc_esr1_for indeterminate: P,clinical_t_stage: T4,clinical_nodal_status: N3,clinical_ajcc_stage: IIIC,grade: 2,pathologic_response_pcr_rd: RD,pathologic_response_rcb_class: RCB-II,drfs_1_event_0_censored: 0,drfs_even_time_years: 2.105,esr1_status: P,erbb2_status: N,set_class: SET-Int,chemosensitivity_prediction: Rx Sensitive,ggi_class: High,pam50_class: LumA,dlda30_prediction: RD,rcb_0_i_prediction: RCB-0/I,
GSM615297,sample id: M545,source: MDACC,age_years: 58.0,er_status_ihc: N,pr_status_ihc: N,her2_status: N,er_status_ihc_esr1_for indeterminate: N,clinical_t_stage: T2,clinical_nodal_status: N1,clinical_ajcc_stage: IIB,grade: 3,pathologic_response_pcr_rd: RD,pathologic_response_rcb_class: RCB-II,drfs_1_event_0_censored: 1,drfs_even_time_years: 2.341,esr1_status: P,erbb2_status: N,set_class: SET-Low,chemosensitivity_prediction: Rx Insensitive,ggi_class: High,pam50_class: Basal,dlda30_prediction: RD,rcb_0_i_prediction: RCB-II/III,
GSM615298,sample id: M549,source: MDACC,age_years: 40.0,er_status_ihc: P,pr_status_ihc: P,her2_status: N,er_status_ihc_esr1_for indeterminate: P,clinical_t_stage: T2,clinical_nodal_status: N1,clinical_ajcc_stage: IIB,grade: 2,pathologic_response_pcr_rd: RD,pathologic_response_rcb_class: RCB-III,drfs_1_event_0_censored: 0,drfs_even_time_years: 2.990,esr1_status: P,erbb2_status: N,set_class: SET-Low,chemosensitivity_prediction: Rx Insensitive,ggi_class: Low,pam50_class: LumA,dlda30_prediction: RD,rcb_0_i_prediction: RCB-II/III,
GSM615299,sample id: M556,source: MDACC,age_years: 47.0,er_status_ihc: P,pr_status_ihc: P,her2_status: N,er_status_ihc_esr1_for indeterminate: P,clinical_t_stage: T1,clinical_nodal_status: N1,clinical_ajcc_stage: IIA,grade: 2,pathologic_response_pcr_rd: RD,pathologic_response_rcb_class: RCB-II,drfs_1_event_0_censored: 0,drfs_even_time_years: 2.667,esr1_status: P,erbb2_status: N,set_class: SET-Low,chemosensitivity_prediction: Rx Insensitive,ggi_class: Low,pam50_class: LumA,dlda30_prediction: RD,rcb_0_i_prediction: RCB-0/I,
GSM615300,sample id: M557,source: MDACC,age_years: 57.0,er_status_ihc: N,pr_status_ihc: N,her2_status: N,er_status_ihc_esr1_for indeterminate: N,clinical_t_stage: T2,clinical_nodal_status: N3,clinical_ajcc_stage: IIIB,grade: 3,pathologic_response_pcr_rd: pCR,pathologic_response_rcb_class: RCB-0/I,drfs_1_event_0_censored: 0,drfs_even_time_years: 1.884,esr1_status: N,erbb2_status: N,set_class: SET-Low,chemosensitivity_prediction: Rx Insensitive,ggi_class: High,pam50_class: Basal,dlda30_prediction: pCR,rcb_0_i_prediction: RCB-0/I,
GSM615301,sample id: M558,source: MDACC,age_years: 62.0,er_status_ihc: N,pr_status_ihc: N,her2_status: N,er_status_ihc_esr1_for indeterminate: N,clinical_t_stage: T4,clinical_nodal_status: N3,clinical_ajcc_stage: IIIB,grade: 3,pathologic_response_pcr_rd: RD,pathologic_response_rcb_class: RCB-III,drfs_1_event_0_censored: 1,drfs_even_time_years: 2.552,esr1_status: N,erbb2_status: N,set_class: SET-Low,chemosensitivity_prediction: Rx Insensitive,ggi_class: High,pam50_class: Basal,dlda30_prediction: pCR,rcb_0_i_prediction: RCB-II/III,
GSM615302,sample id: M559,source: MDACC,age_years: 55.0,er_status_ihc: P,pr_status_ihc: N,her2_status: N,er_status_ihc_esr1_for indeterminate: P,clinical_t_stage: T2,clinical_nodal_status: N1,clinical_ajcc_stage: IIB,grade: 2,pathologic_response_pcr_rd: RD,pathologic_response_rcb_class: RCB-II,drfs_1_event_0_censored: 0,drfs_even_time_years: 1.851,esr1_status: P,erbb2_status: N,set_class: SET-Low,chemosensitivity_prediction: Rx Insensitive,ggi_class: High,pam50_class: Her2,dlda30_prediction: RD,rcb_0_i_prediction: RCB-II/III,
GSM615303,sample id: M564,source: MDACC,age_years: 68.0,er_status_ihc: N,pr_status_ihc: N,her2_status: N,er_status_ihc_esr1_for indeterminate: N,clinical_t_stage: T4,clinical_nodal_status: N2,clinical_ajcc_stage: IIIB,grade: 3,pathologic_response_pcr_rd: RD,pathologic_response_rcb_class: RCB-III,drfs_1_event_0_censored: 0,drfs_even_time_years: 2.344,esr1_status: N,erbb2_status: N,set_class: SET-Low,chemosensitivity_prediction: Rx Insensitive,ggi_class: High,pam50_class: Basal,dlda30_prediction: pCR,rcb_0_i_prediction: RCB-II/III,
GSM615304,sample id: M565,source: MDACC,age_years: 57.0,er_status_ihc: P,pr_status_ihc: P,her2_status: N,er_status_ihc_esr1_for indeterminate: P,clinical_t_stage: T1,clinical_nodal_status: N2,clinical_ajcc_stage: IIIA,grade: 3,pathologic_response_pcr_rd: RD,pathologic_response_rcb_class: RCB-II,drfs_1_event_0_censored: 0,drfs_even_time_years: 1.916,esr1_status: P,erbb2_status: N,set_class: SET-Low,chemosensitivity_prediction: Rx Insensitive,ggi_class: High,pam50_class: LumB,dlda30_prediction: RD,rcb_0_i_prediction: RCB-II/III,
GSM615305,sample id: M566,source: MDACC,age_years: 39.0,er_status_ihc: P,pr_status_ihc: N,her2_status: N,er_status_ihc_esr1_for indeterminate: P,clinical_t_stage: T2,clinical_nodal_status: N3,clinical_ajcc_stage: IIIB,grade: 2,pathologic_response_pcr_rd: RD,pathologic_response_rcb_class: RCB-III,drfs_1_event_0_censored: 1,drfs_even_time_years: 2.648,esr1_status: P,erbb2_status: N,set_class: SET-Low,chemosensitivity_prediction: Rx Insensitive,ggi_class: Low,pam50_class: LumA,dlda30_prediction: RD,rcb_0_i_prediction: RCB-II/III,
GSM615306,sample id: M569,source: MDACC,age_years: 58.0,er_status_ihc: P,pr_status_ihc: P,her2_status: N,er_status_ihc_esr1_for indeterminate: P,clinical_t_stage: T3,clinical_nodal_status: N2,clinical_ajcc_stage: IIIA,grade: 2,pathologic_response_pcr_rd: RD,pathologic_response_rcb_class: RCB-III,drfs_1_event_0_censored: 1,drfs_even_time_years: 1.818,esr1_status: P,erbb2_status: N,set_class: SET-Low,chemosensitivity_prediction: Rx Insensitive,ggi_class: High,pam50_class: LumA,dlda30_prediction: RD,rcb_0_i_prediction: RCB-II/III,
GSM615307,sample id: M571,source: MDACC,age_years: 32.0,er_status_ihc: N,pr_status_ihc: N,her2_status: N,er_status_ihc_esr1_for indeterminate: N,clinical_t_stage: T2,clinical_nodal_status: N1,clinical_ajcc_stage: IIB,grade: 3,pathologic_response_pcr_rd: pCR,pathologic_response_rcb_class: RCB-0/I,drfs_1_event_0_censored: 0,drfs_even_time_years: 2.817,esr1_status: N,erbb2_status: N,set_class: SET-Low,chemosensitivity_prediction: Rx Sensitive,ggi_class: High,pam50_class: Basal,dlda30_prediction: pCR,rcb_0_i_prediction: RCB-0/I,
GSM615308,sample id: M577,source: MDACC,age_years: 51.0,er_status_ihc: P,pr_status_ihc: P,her2_status: N,er_status_ihc_esr1_for indeterminate: P,clinical_t_stage: T2,clinical_nodal_status: N1,clinical_ajcc_stage: IIB,grade: 3,pathologic_response_pcr_rd: RD,pathologic_response_rcb_class: RCB-II,drfs_1_event_0_censored: 0,drfs_even_time_years: 2.754,esr1_status: P,erbb2_status: N,set_class: SET-Low,chemosensitivity_prediction: Rx Insensitive,ggi_class: High,pam50_class: LumB,dlda30_prediction: RD,rcb_0_i_prediction: RCB-II/III,
GSM615309,sample id: M578,source: MDACC,age_years: 45.0,er_status_ihc: P,pr_status_ihc: P,her2_status: N,er_status_ihc_esr1_for indeterminate: P,clinical_t_stage: T4,clinical_nodal_status: N1,clinical_ajcc_stage: IIIB,grade: 3,pathologic_response_pcr_rd: RD,pathologic_response_rcb_class: RCB-III,drfs_1_event_0_censored: 1,drfs_even_time_years: 1.845,esr1_status: P,erbb2_status: N,set_class: SET-Low,chemosensitivity_prediction: Rx Insensitive,ggi_class: High,pam50_class: LumB,dlda30_prediction: RD,rcb_0_i_prediction: RCB-II/III,
GSM615310,sample id: M580,source: MDACC,age_years: 64.0,er_status_ihc: P,pr_status_ihc: N,her2_status: N,er_status_ihc_esr1_for indeterminate: P,clinical_t_stage: T2,clinical_nodal_status: N2,clinical_ajcc_stage: IIIA,grade: 3,pathologic_response_pcr_rd: pCR,pathologic_response_rcb_class: RCB-0/I,drfs_1_event_0_censored: 0,drfs_even_time_years: 2.338,esr1_status: N,erbb2_status: N,set_class: SET-Low,chemosensitivity_prediction: Rx Sensitive,ggi_class: High,pam50_class: Basal,dlda30_prediction: pCR,rcb_0_i_prediction: RCB-0/I,
GSM615311,sample id: M581,source: MDACC,age_years: 34.0,er_status_ihc: P,pr_status_ihc: P,her2_status: N,er_status_ihc_esr1_for indeterminate: P,clinical_t_stage: T3,clinical_nodal_status: N1,clinical_ajcc_stage: IIIA,grade: 2,pathologic_response_pcr_rd: RD,pathologic_response_rcb_class: RCB-II,drfs_1_event_0_censored: 0,drfs_even_time_years: 2.694,esr1_status: P,erbb2_status: N,set_class: SET-Low,chemosensitivity_prediction: Rx Insensitive,ggi_class: High,pam50_class: LumA,dlda30_prediction: RD,rcb_0_i_prediction: RCB-II/III,
GSM615312,sample id: M583,source: MDACC,age_years: 51.0,er_status_ihc: N,pr_status_ihc: P,her2_status: N,er_status_ihc_esr1_for indeterminate: N,clinical_t_stage: T2,clinical_nodal_status: N3,clinical_ajcc_stage: IIIB,grade: 2,pathologic_response_pcr_rd: RD,pathologic_response_rcb_class: RCB-III,drfs_1_event_0_censored: 1,drfs_even_time_years: 1.706,esr1_status: N,erbb2_status: N,set_class: SET-Low,chemosensitivity_prediction: Rx Insensitive,ggi_class: Low,pam50_class: Basal,dlda30_prediction: RD,rcb_0_i_prediction: RCB-II/III,
GSM615313,sample id: M599,source: MDACC,age_years: 50.0,er_status_ihc: P,pr_status_ihc: P,her2_status: N,er_status_ihc_esr1_for indeterminate: P,clinical_t_stage: T1,clinical_nodal_status: N1,clinical_ajcc_stage: IIA,grade: 1,pathologic_response_pcr_rd: RD,pathologic_response_rcb_class: RCB-II,drfs_1_event_0_censored: 0,drfs_even_time_years: 2.617,esr1_status: P,erbb2_status: N,set_class: SET-Int,chemosensitivity_prediction: Rx Sensitive,ggi_class: Low,pam50_class: Normal,dlda30_prediction: RD,rcb_0_i_prediction: RCB-II/III,
GSM615314,sample id: M601,source: MDACC,age_years: 71.0,er_status_ihc: P,pr_status_ihc: P,her2_status: N,er_status_ihc_esr1_for indeterminate: P,clinical_t_stage: T2,clinical_nodal_status: N1,clinical_ajcc_stage: IIB,grade: 2,pathologic_response_pcr_rd: RD,pathologic_response_rcb_class: RCB-III,drfs_1_event_0_censored: 0,drfs_even_time_years: 2.264,esr1_status: P,erbb2_status: N,set_class: SET-Low,chemosensitivity_prediction: Rx Insensitive,ggi_class: Low,pam50_class: LumA,dlda30_prediction: RD,rcb_0_i_prediction: RCB-II/III,
GSM615315,sample id: M603,source: MDACC,age_years: 32.0,er_status_ihc: N,pr_status_ihc: N,her2_status: N,er_status_ihc_esr1_for indeterminate: N,clinical_t_stage: T4,clinical_nodal_status: N3,clinical_ajcc_stage: IIIC,grade: 3,pathologic_response_pcr_rd: RD,pathologic_response_rcb_class: RCB-II,drfs_1_event_0_censored: 1,drfs_even_time_years: 0.890,esr1_status: N,erbb2_status: N,set_class: SET-Low,chemosensitivity_prediction: Rx Insensitive,ggi_class: High,pam50_class: Basal,dlda30_prediction: pCR,rcb_0_i_prediction: RCB-II/III,
GSM615316,sample id: M607,source: MDACC,age_years: 67.0,er_status_ihc: P,pr_status_ihc: N,her2_status: N,er_status_ihc_esr1_for indeterminate: P,clinical_t_stage: T1,clinical_nodal_status: N1,clinical_ajcc_stage: IIA,grade: 2,pathologic_response_pcr_rd: RD,pathologic_response_rcb_class: RCB-II,drfs_1_event_0_censored: 0,drfs_even_time_years: 1.884,esr1_status: P,erbb2_status: N,set_class: SET-Low,chemosensitivity_prediction: Rx Insensitive,ggi_class: Low,pam50_class: LumA,dlda30_prediction: RD,rcb_0_i_prediction: RCB-II/III,
GSM615317,sample id: M608,source: MDACC,age_years: 47.0,er_status_ihc: N,pr_status_ihc: N,her2_status: N,er_status_ihc_esr1_for indeterminate: N,clinical_t_stage: T2,clinical_nodal_status: N3,clinical_ajcc_stage: IIIC,grade: 3,pathologic_response_pcr_rd: RD,pathologic_response_rcb_class: RCB-II,drfs_1_event_0_censored: 0,drfs_even_time_years: 2.700,esr1_status: N,erbb2_status: N,set_class: SET-Low,chemosensitivity_prediction: Rx Insensitive,ggi_class: High,pam50_class: Basal,dlda30_prediction: pCR,rcb_0_i_prediction: RCB-II/III,
GSM615318,sample id: M610,source: MDACC,age_years: 47.0,er_status_ihc: P,pr_status_ihc: P,her2_status: N,er_status_ihc_esr1_for indeterminate: P,clinical_t_stage: T3,clinical_nodal_status: N2,clinical_ajcc_stage: IIIA,grade: 2,pathologic_response_pcr_rd: RD,pathologic_response_rcb_class: RCB-III,drfs_1_event_0_censored: 0,drfs_even_time_years: 2.371,esr1_status: P,erbb2_status: N,set_class: SET-Low,chemosensitivity_prediction: Rx Insensitive,ggi_class: Low,pam50_class: LumA,dlda30_prediction: RD,rcb_0_i_prediction: RCB-II/III,
GSM615319,sample id: M611,source: MDACC,age_years: 63.0,er_status_ihc: N,pr_status_ihc: N,her2_status: N,er_status_ihc_esr1_for indeterminate: N,clinical_t_stage: T2,clinical_nodal_status: N3,clinical_ajcc_stage: IIIC,grade: 3,pathologic_response_pcr_rd: RD,pathologic_response_rcb_class: RCB-II,drfs_1_event_0_censored: 1,drfs_even_time_years: 2.278,esr1_status: N,erbb2_status: N,set_class: SET-Low,chemosensitivity_prediction: Rx Insensitive,ggi_class: Low,pam50_class: Basal,dlda30_prediction: pCR,rcb_0_i_prediction: RCB-II/III,
GSM615320,sample id: M612,source: MDACC,age_years: 40.0,er_status_ihc: N,pr_status_ihc: N,her2_status: N,er_status_ihc_esr1_for indeterminate: N,clinical_t_stage: T2,clinical_nodal_status: N2,clinical_ajcc_stage: IIIA,grade: 3,pathologic_response_pcr_rd: RD,pathologic_response_rcb_class: RCB-III,drfs_1_event_0_censored: 1,drfs_even_time_years: 1.350,esr1_status: N,erbb2_status: N,set_class: SET-Low,chemosensitivity_prediction: Rx Insensitive,ggi_class: High,pam50_class: Basal,dlda30_prediction: pCR,rcb_0_i_prediction: RCB-II/III,
GSM615321,sample id: M617,source: MDACC,age_years: 50.0,er_status_ihc: N,pr_status_ihc: N,her2_status: N,er_status_ihc_esr1_for indeterminate: N,clinical_t_stage: T2,clinical_nodal_status: N1,clinical_ajcc_stage: IIB,grade: 3,pathologic_response_pcr_rd: RD,pathologic_response_rcb_class: RCB-II,drfs_1_event_0_censored: 0,drfs_even_time_years: 2.516,esr1_status: N,erbb2_status: N,set_class: SET-Low,chemosensitivity_prediction: Rx Insensitive,ggi_class: High,pam50_class: Basal,dlda30_prediction: pCR,rcb_0_i_prediction: RCB-II/III,
GSM615322,sample id: M619,source: MDACC,age_years: 52.0,er_status_ihc: N,pr_status_ihc: N,her2_status: N,er_status_ihc_esr1_for indeterminate: N,clinical_t_stage: T4,clinical_nodal_status: N2,clinical_ajcc_stage: IIIB,grade: 3,pathologic_response_pcr_rd: RD,pathologic_response_rcb_class: RCB-III,drfs_1_event_0_censored: 1,drfs_even_time_years: 0.799,esr1_status: N,erbb2_status: N,set_class: SET-Low,chemosensitivity_prediction: Rx Insensitive,ggi_class: High,pam50_class: Basal,dlda30_prediction: pCR,rcb_0_i_prediction: RCB-II/III,
GSM615323,sample id: M624,source: MDACC,age_years: 32.0,er_status_ihc: N,pr_status_ihc: N,her2_status: N,er_status_ihc_esr1_for indeterminate: N,clinical_t_stage: T4,clinical_nodal_status: N3,clinical_ajcc_stage: IIIC,grade: 3,pathologic_response_pcr_rd: RD,pathologic_response_rcb_class: RCB-II,drfs_1_event_0_censored: 0,drfs_even_time_years: 1.881,esr1_status: N,erbb2_status: N,set_class: SET-Low,chemosensitivity_prediction: Rx Insensitive,ggi_class: Low,pam50_class: Normal,dlda30_prediction: RD,rcb_0_i_prediction: RCB-II/III,
GSM615324,sample id: M625,source: MDACC,age_years: 49.0,er_status_ihc: N,pr_status_ihc: N,her2_status: N,er_status_ihc_esr1_for indeterminate: N,clinical_t_stage: T1,clinical_nodal_status: N1,clinical_ajcc_stage: IIA,grade: 3,pathologic_response_pcr_rd: pCR,pathologic_response_rcb_class: RCB-0/I,drfs_1_event_0_censored: 0,drfs_even_time_years: 2.456,esr1_status: N,erbb2_status: N,set_class: SET-Low,chemosensitivity_prediction: Rx Sensitive,ggi_class: High,pam50_class: Basal,dlda30_prediction: pCR,rcb_0_i_prediction: RCB-0/I,
GSM615325,sample id: M635,source: MDACC,age_years: 43.0,er_status_ihc: N,pr_status_ihc: N,her2_status: N,er_status_ihc_esr1_for indeterminate: N,clinical_t_stage: T1,clinical_nodal_status: N3,clinical_ajcc_stage: IIIC,grade: 3,pathologic_response_pcr_rd: pCR,pathologic_response_rcb_class: RCB-0/I,drfs_1_event_0_censored: 0,drfs_even_time_years: 2.146,esr1_status: N,erbb2_status: N,set_class: SET-Low,chemosensitivity_prediction: Rx Sensitive,ggi_class: High,pam50_class: Basal,dlda30_prediction: pCR,rcb_0_i_prediction: RCB-0/I,
GSM615326,sample id: M636,source: MDACC,age_years: 57.0,er_status_ihc: P,pr_status_ihc: N,her2_status: N,er_status_ihc_esr1_for indeterminate: P,clinical_t_stage: T2,clinical_nodal_status: N0,clinical_ajcc_stage: IIA,grade: 3,pathologic_response_pcr_rd: RD,pathologic_response_rcb_class: RCB-II,drfs_1_event_0_censored: 0,drfs_even_time_years: 2.480,esr1_status: N,erbb2_status: N,set_class: SET-Low,chemosensitivity_prediction: Rx Insensitive,ggi_class: High,pam50_class: Basal,dlda30_prediction: pCR,rcb_0_i_prediction: RCB-II/III,
GSM615327,sample id: M639,source: MDACC,age_years: 65.0,er_status_ihc: N,pr_status_ihc: N,her2_status: N,er_status_ihc_esr1_for indeterminate: N,clinical_t_stage: T3,clinical_nodal_status: N0,clinical_ajcc_stage: IIB,grade: 3,pathologic_response_pcr_rd: RD,pathologic_response_rcb_class: RCB-II,drfs_1_event_0_censored: 1,drfs_even_time_years: 2.533,esr1_status: N,erbb2_status: N,set_class: SET-Low,chemosensitivity_prediction: Rx Insensitive,ggi_class: High,pam50_class: Basal,dlda30_prediction: pCR,rcb_0_i_prediction: RCB-II/III,
GSM615328,sample id: M642,source: MDACC,age_years: 45.0,er_status_ihc: P,pr_status_ihc: P,her2_status: N,er_status_ihc_esr1_for indeterminate: P,clinical_t_stage: T4,clinical_nodal_status: N2,clinical_ajcc_stage: IIIB,grade: 2,pathologic_response_pcr_rd: RD,pathologic_response_rcb_class: RCB-III,drfs_1_event_0_censored: 0,drfs_even_time_years: 2.357,esr1_status: P,erbb2_status: N,set_class: SET-Low,chemosensitivity_prediction: Rx Insensitive,ggi_class: Low,pam50_class: LumA,dlda30_prediction: RD,rcb_0_i_prediction: RCB-II/III,
GSM615329,sample id: M643,source: MDACC,age_years: 41.0,er_status_ihc: P,pr_status_ihc: P,her2_status: N,er_status_ihc_esr1_for indeterminate: P,clinical_t_stage: T2,clinical_nodal_status: N0,clinical_ajcc_stage: IIA,grade: 2,pathologic_response_pcr_rd: RD,pathologic_response_rcb_class: RCB-III,drfs_1_event_0_censored: 0,drfs_even_time_years: 2.059,esr1_status: P,erbb2_status: N,set_class: SET-Low,chemosensitivity_prediction: Rx Insensitive,ggi_class: Low,pam50_class: LumA,dlda30_prediction: RD,rcb_0_i_prediction: RCB-II/III,
GSM615330,sample id: M647,source: MDACC,age_years: 65.0,er_status_ihc: N,pr_status_ihc: N,her2_status: N,er_status_ihc_esr1_for indeterminate: N,clinical_t_stage: T3,clinical_nodal_status: N1,clinical_ajcc_stage: IIIA,grade: 3,pathologic_response_pcr_rd: RD,pathologic_response_rcb_class: RCB-III,drfs_1_event_0_censored: 1,drfs_even_time_years: 0.797,esr1_status: P,erbb2_status: N,set_class: SET-Low,chemosensitivity_prediction: Rx Insensitive,ggi_class: High,pam50_class: Basal,dlda30_prediction: RD,rcb_0_i_prediction: RCB-0/I,
GSM615331,sample id: M651,source: MDACC,age_years: 61.0,er_status_ihc: P,pr_status_ihc: P,her2_status: N,er_status_ihc_esr1_for indeterminate: P,clinical_t_stage: T2,clinical_nodal_status: N1,clinical_ajcc_stage: IIB,grade: 3,pathologic_response_pcr_rd: pCR,pathologic_response_rcb_class: RCB-0/I,drfs_1_event_0_censored: 0,drfs_even_time_years: 2.188,esr1_status: P,erbb2_status: N,set_class: SET-Low,chemosensitivity_prediction: Rx Sensitive,ggi_class: High,pam50_class: Basal,dlda30_prediction: RD,rcb_0_i_prediction: RCB-0/I,
GSM615332,sample id: M652,source: MDACC,age_years: 66.0,er_status_ihc: P,pr_status_ihc: N,her2_status: N,er_status_ihc_esr1_for indeterminate: P,clinical_t_stage: T2,clinical_nodal_status: N1,clinical_ajcc_stage: IIB,grade: 2,pathologic_response_pcr_rd: RD,pathologic_response_rcb_class: RCB-II,drfs_1_event_0_censored: 1,drfs_even_time_years: 1.437,esr1_status: P,erbb2_status: N,set_class: SET-Low,chemosensitivity_prediction: Rx Insensitive,ggi_class: High,pam50_class: LumB,dlda30_prediction: RD,rcb_0_i_prediction: RCB-II/III,
GSM615333,sample id: M657,source: MDACC,age_years: 48.0,er_status_ihc: N,pr_status_ihc: P,her2_status: N,er_status_ihc_esr1_for indeterminate: N,clinical_t_stage: T1,clinical_nodal_status: N0,clinical_ajcc_stage: I,grade: 2,pathologic_response_pcr_rd: RD,pathologic_response_rcb_class: RCB-0/I,drfs_1_event_0_censored: 0,drfs_even_time_years: 2.234,esr1_status: N,erbb2_status: N,set_class: SET-Low,chemosensitivity_prediction: Rx Insensitive,ggi_class: High,pam50_class: Basal,dlda30_prediction: pCR,rcb_0_i_prediction: RCB-0/I,
GSM615334,sample id: M658,source: MDACC,age_years: 61.0,er_status_ihc: N,pr_status_ihc: N,her2_status: N,er_status_ihc_esr1_for indeterminate: N,clinical_t_stage: T3,clinical_nodal_status: N3,clinical_ajcc_stage: IIIB,grade: 3,pathologic_response_pcr_rd: pCR,pathologic_response_rcb_class: RCB-0/I,drfs_1_event_0_censored: 0,drfs_even_time_years: 2.198,esr1_status: N,erbb2_status: N,set_class: SET-Low,chemosensitivity_prediction: Rx Sensitive,ggi_class: High,pam50_class: Basal,dlda30_prediction: pCR,rcb_0_i_prediction: RCB-0/I,
GSM615335,sample id: M659,source: MDACC,age_years: 51.0,er_status_ihc: N,pr_status_ihc: N,her2_status: N,er_status_ihc_esr1_for indeterminate: N,clinical_t_stage: T2,clinical_nodal_status: N1,clinical_ajcc_stage: IIB,grade: 3,pathologic_response_pcr_rd: RD,pathologic_response_rcb_class: RCB-III,drfs_1_event_0_censored: 1,drfs_even_time_years: 0.923,esr1_status: N,erbb2_status: N,set_class: SET-Low,chemosensitivity_prediction: Rx Insensitive,ggi_class: High,pam50_class: Basal,dlda30_prediction: pCR,rcb_0_i_prediction: RCB-II/III,
GSM615336,sample id: M661,source: MDACC,age_years: 49.0,er_status_ihc: N,pr_status_ihc: N,her2_status: N,er_status_ihc_esr1_for indeterminate: N,clinical_t_stage: T2,clinical_nodal_status: N1,clinical_ajcc_stage: IIB,grade: 3,pathologic_response_pcr_rd: pCR,pathologic_response_rcb_class: RCB-0/I,drfs_1_event_0_censored: 0,drfs_even_time_years: 2.261,esr1_status: N,erbb2_status: N,set_class: SET-Low,chemosensitivity_prediction: Rx Sensitive,ggi_class: High,pam50_class: Basal,dlda30_prediction: pCR,rcb_0_i_prediction: RCB-0/I,
GSM615337,sample id: M662,source: MDACC,age_years: 46.0,er_status_ihc: P,pr_status_ihc: P,her2_status: N,er_status_ihc_esr1_for indeterminate: P,clinical_t_stage: T2,clinical_nodal_status: N1,clinical_ajcc_stage: IIB,grade: 2,pathologic_response_pcr_rd: RD,pathologic_response_rcb_class: RCB-II,drfs_1_event_0_censored: 0,drfs_even_time_years: 2.182,esr1_status: P,erbb2_status: N,set_class: SET-Low,chemosensitivity_prediction: Rx Insensitive,ggi_class: Low,pam50_class: LumA,dlda30_prediction: RD,rcb_0_i_prediction: RCB-II/III,
GSM615338,sample id: M665,source: MDACC,age_years: 57.0,er_status_ihc: N,pr_status_ihc: N,her2_status: N,er_status_ihc_esr1_for indeterminate: N,clinical_t_stage: T2,clinical_nodal_status: N1,clinical_ajcc_stage: IIB,grade: 3,pathologic_response_pcr_rd: pCR,pathologic_response_rcb_class: RCB-0/I,drfs_1_event_0_censored: 0,drfs_even_time_years: 2.064,esr1_status: N,erbb2_status: N,set_class: SET-Low,chemosensitivity_prediction: Rx Sensitive,ggi_class: High,pam50_class: Basal,dlda30_prediction: pCR,rcb_0_i_prediction: RCB-0/I,
GSM615339,sample id: M666,source: MDACC,age_years: 58.0,er_status_ihc: P,pr_status_ihc: P,her2_status: N,er_status_ihc_esr1_for indeterminate: P,clinical_t_stage: T2,clinical_nodal_status: N0,clinical_ajcc_stage: IIA,grade: 2,pathologic_response_pcr_rd: RD,pathologic_response_rcb_class: RCB-0/I,drfs_1_event_0_censored: 0,drfs_even_time_years: 2.171,esr1_status: P,erbb2_status: N,set_class: SET-Low,chemosensitivity_prediction: Rx Sensitive,ggi_class: Low,pam50_class: LumA,dlda30_prediction: RD,rcb_0_i_prediction: RCB-0/I,
GSM615340,sample id: M668,source: MDACC,age_years: 50.0,er_status_ihc: P,pr_status_ihc: P,her2_status: N,er_status_ihc_esr1_for indeterminate: P,clinical_t_stage: T3,clinical_nodal_status: N2,clinical_ajcc_stage: IIIA,grade: 3,pathologic_response_pcr_rd: RD,pathologic_response_rcb_class: RCB-II,drfs_1_event_0_censored: 0,drfs_even_time_years: 2.094,esr1_status: N,erbb2_status: N,set_class: SET-Low,chemosensitivity_prediction: Rx Insensitive,ggi_class: High,pam50_class: Her2,dlda30_prediction: RD,rcb_0_i_prediction: RCB-II/III,
GSM615341,sample id: M669,source: MDACC,age_years: 47.0,er_status_ihc: P,pr_status_ihc: P,her2_status: N,er_status_ihc_esr1_for indeterminate: P,clinical_t_stage: T2,clinical_nodal_status: N1,clinical_ajcc_stage: IIB,grade: 2,pathologic_response_pcr_rd: RD,pathologic_response_rcb_class: RCB-II,drfs_1_event_0_censored: 0,drfs_even_time_years: 2.223,esr1_status: P,erbb2_status: N,set_class: SET-Int,chemosensitivity_prediction: Rx Sensitive,ggi_class: Low,pam50_class: LumA,dlda30_prediction: RD,rcb_0_i_prediction: RCB-II/III,
GSM615342,sample id: M670,source: MDACC,age_years: 43.0,er_status_ihc: N,pr_status_ihc: N,her2_status: N,er_status_ihc_esr1_for indeterminate: N,clinical_t_stage: T2,clinical_nodal_status: N1,clinical_ajcc_stage: IIB,grade: 2,pathologic_response_pcr_rd: RD,pathologic_response_rcb_class: RCB-II,drfs_1_event_0_censored: 0,drfs_even_time_years: 1.958,esr1_status: N,erbb2_status: N,set_class: SET-Low,chemosensitivity_prediction: Rx Insensitive,ggi_class: High,pam50_class: Her2,dlda30_prediction: pCR,rcb_0_i_prediction: RCB-II/III,
GSM615343,sample id: M671,source: MDACC,age_years: 30.0,er_status_ihc: P,pr_status_ihc: P,her2_status: N,er_status_ihc_esr1_for indeterminate: P,clinical_t_stage: T1,clinical_nodal_status: N1,clinical_ajcc_stage: IIA,grade: 3,pathologic_response_pcr_rd: RD,pathologic_response_rcb_class: RCB-II,drfs_1_event_0_censored: 0,drfs_even_time_years: 1.845,esr1_status: P,erbb2_status: N,set_class: SET-Low,chemosensitivity_prediction: Rx Insensitive,ggi_class: High,pam50_class: LumB,dlda30_prediction: RD,rcb_0_i_prediction: RCB-II/III,
GSM615344,sample id: M673,source: MDACC,age_years: 58.0,er_status_ihc: N,pr_status_ihc: N,her2_status: N,er_status_ihc_esr1_for indeterminate: N,clinical_t_stage: T2,clinical_nodal_status: N3,clinical_ajcc_stage: IIIB,grade: 3,pathologic_response_pcr_rd: RD,pathologic_response_rcb_class: RCB-II,drfs_1_event_0_censored: 1,drfs_even_time_years: 1.377,esr1_status: N,erbb2_status: N,set_class: SET-Low,chemosensitivity_prediction: Rx Insensitive,ggi_class: Low,pam50_class: Normal,dlda30_prediction: pCR,rcb_0_i_prediction: RCB-II/III,
GSM615345,sample id: M675,source: MDACC,age_years: 64.0,er_status_ihc: N,pr_status_ihc: N,her2_status: N,er_status_ihc_esr1_for indeterminate: N,clinical_t_stage: T2,clinical_nodal_status: N1,clinical_ajcc_stage: IIB,grade: 2,pathologic_response_pcr_rd: RD,pathologic_response_rcb_class: RCB-III,drfs_1_event_0_censored: 0,drfs_even_time_years: 2.059,esr1_status: P,erbb2_status: N,set_class: SET-Low,chemosensitivity_prediction: Rx Insensitive,ggi_class: High,pam50_class: LumB,dlda30_prediction: RD,rcb_0_i_prediction: RCB-II/III,
GSM615346,sample id: M677,source: MDACC,age_years: 42.0,er_status_ihc: N,pr_status_ihc: N,her2_status: N,er_status_ihc_esr1_for indeterminate: N,clinical_t_stage: T2,clinical_nodal_status: N1,clinical_ajcc_stage: IIB,grade: 3,pathologic_response_pcr_rd: RD,pathologic_response_rcb_class: RCB-II,drfs_1_event_0_censored: 0,drfs_even_time_years: 1.306,esr1_status: N,erbb2_status: N,set_class: SET-Low,chemosensitivity_prediction: Rx Insensitive,ggi_class: High,pam50_class: Basal,dlda30_prediction: pCR,rcb_0_i_prediction: RCB-II/III,
GSM615347,sample id: M679,source: MDACC,age_years: 72.0,er_status_ihc: N,pr_status_ihc: N,her2_status: N,er_status_ihc_esr1_for indeterminate: N,clinical_t_stage: T2,clinical_nodal_status: N0,clinical_ajcc_stage: IIA,grade: 3,pathologic_response_pcr_rd: RD,pathologic_response_rcb_class: RCB-II,drfs_1_event_0_censored: 1,drfs_even_time_years: 2.253,esr1_status: N,erbb2_status: N,set_class: SET-Low,chemosensitivity_prediction: Rx Insensitive,ggi_class: High,pam50_class: Basal,dlda30_prediction: pCR,rcb_0_i_prediction: RCB-II/III,
GSM615348,sample id: M681,source: MDACC,age_years: 33.0,er_status_ihc: N,pr_status_ihc: N,her2_status: N,er_status_ihc_esr1_for indeterminate: N,clinical_t_stage: T3,clinical_nodal_status: N0,clinical_ajcc_stage: IIB,grade: 3,pathologic_response_pcr_rd: RD,pathologic_response_rcb_class: RCB-II,drfs_1_event_0_censored: 0,drfs_even_time_years: 2.303,esr1_status: N,erbb2_status: N,set_class: SET-Low,chemosensitivity_prediction: Rx Insensitive,ggi_class: High,pam50_class: Basal,dlda30_prediction: pCR,rcb_0_i_prediction: RCB-II/III,
GSM615349,sample id: M682,source: MDACC,age_years: 50.0,er_status_ihc: P,pr_status_ihc: P,her2_status: N,er_status_ihc_esr1_for indeterminate: P,clinical_t_stage: T2,clinical_nodal_status: N0,clinical_ajcc_stage: IIA,grade: 2,pathologic_response_pcr_rd: RD,pathologic_response_rcb_class: RCB-II,drfs_1_event_0_censored: 0,drfs_even_time_years: 2.333,esr1_status: P,erbb2_status: N,set_class: SET-Low,chemosensitivity_prediction: Rx Insensitive,ggi_class: Low,pam50_class: LumA,dlda30_prediction: RD,rcb_0_i_prediction: RCB-II/III,
GSM615350,sample id: M683,source: MDACC,age_years: 59.0,er_status_ihc: N,pr_status_ihc: P,her2_status: N,er_status_ihc_esr1_for indeterminate: N,clinical_t_stage: T2,clinical_nodal_status: N0,clinical_ajcc_stage: IIA,grade: 3,pathologic_response_pcr_rd: RD,pathologic_response_rcb_class: RCB-II,drfs_1_event_0_censored: 0,drfs_even_time_years: 2.281,esr1_status: P,erbb2_status: N,set_class: SET-Low,chemosensitivity_prediction: Rx Insensitive,ggi_class: High,pam50_class: LumB,dlda30_prediction: RD,rcb_0_i_prediction: RCB-0/I,
GSM615351,sample id: M685,source: MDACC,age_years: 53.0,er_status_ihc: P,pr_status_ihc: P,her2_status: N,er_status_ihc_esr1_for indeterminate: P,clinical_t_stage: T2,clinical_nodal_status: N0,clinical_ajcc_stage: IIA,grade: 1,pathologic_response_pcr_rd: RD,pathologic_response_rcb_class: RCB-III,drfs_1_event_0_censored: 0,drfs_even_time_years: 2.393,esr1_status: P,erbb2_status: N,set_class: SET-Low,chemosensitivity_prediction: Rx Insensitive,ggi_class: Low,pam50_class: LumA,dlda30_prediction: RD,rcb_0_i_prediction: RCB-0/I,
GSM615352,sample id: M690,source: MDACC,age_years: 73.0,er_status_ihc: P,pr_status_ihc: P,her2_status: N,er_status_ihc_esr1_for indeterminate: P,clinical_t_stage: T2,clinical_nodal_status: N1,clinical_ajcc_stage: IIB,grade: 1,pathologic_response_pcr_rd: RD,pathologic_response_rcb_class: RCB-II,drfs_1_event_0_censored: 0,drfs_even_time_years: 2.160,esr1_status: P,erbb2_status: N,set_class: SET-Int,chemosensitivity_prediction: Rx Sensitive,ggi_class: Low,pam50_class: LumA,dlda30_prediction: RD,rcb_0_i_prediction: RCB-II/III,
GSM615353,sample id: M691,source: MDACC,age_years: 46.0,er_status_ihc: P,pr_status_ihc: P,her2_status: N,er_status_ihc_esr1_for indeterminate: P,clinical_t_stage: T1,clinical_nodal_status: N1,clinical_ajcc_stage: IIA,grade: 3,pathologic_response_pcr_rd: pCR,pathologic_response_rcb_class: RCB-0/I,drfs_1_event_0_censored: 0,drfs_even_time_years: 1.670,esr1_status: P,erbb2_status: N,set_class: SET-Low,chemosensitivity_prediction: Rx Sensitive,ggi_class: High,pam50_class: LumB,dlda30_prediction: RD,rcb_0_i_prediction: RCB-0/I,
GSM615354,sample id: M692,source: MDACC,age_years: 46.0,er_status_ihc: N,pr_status_ihc: N,her2_status: N,er_status_ihc_esr1_for indeterminate: N,clinical_t_stage: T2,clinical_nodal_status: N3,clinical_ajcc_stage: IIIB,grade: 2,pathologic_response_pcr_rd: pCR,pathologic_response_rcb_class: RCB-0/I,drfs_1_event_0_censored: 0,drfs_even_time_years: 1.415,esr1_status: N,erbb2_status: N,set_class: SET-Low,chemosensitivity_prediction: Rx Sensitive,ggi_class: High,pam50_class: Basal,dlda30_prediction: pCR,rcb_0_i_prediction: RCB-0/I,
GSM615355,sample id: M693,source: MDACC,age_years: 47.0,er_status_ihc: P,pr_status_ihc: P,her2_status: N,er_status_ihc_esr1_for indeterminate: P,clinical_t_stage: T2,clinical_nodal_status: N0,clinical_ajcc_stage: IIA,grade: 2,pathologic_response_pcr_rd: RD,pathologic_response_rcb_class: RCB-II,drfs_1_event_0_censored: 0,drfs_even_time_years: 2.010,esr1_status: P,erbb2_status: N,set_class: SET-Low,chemosensitivity_prediction: Rx Insensitive,ggi_class: Low,pam50_class: LumA,dlda30_prediction: RD,rcb_0_i_prediction: RCB-II/III,
GSM615356,sample id: M695,source: MDACC,age_years: 43.0,er_status_ihc: N,pr_status_ihc: N,her2_status: N,er_status_ihc_esr1_for indeterminate: N,clinical_t_stage: T2,clinical_nodal_status: N0,clinical_ajcc_stage: IIA,grade: 3,pathologic_response_pcr_rd: RD,pathologic_response_rcb_class: RCB-II,drfs_1_event_0_censored: 0,drfs_even_time_years: 1.161,esr1_status: P,erbb2_status: N,set_class: SET-Low,chemosensitivity_prediction: Rx Insensitive,ggi_class: High,pam50_class: LumB,dlda30_prediction: RD,rcb_0_i_prediction: RCB-II/III,
GSM615357,sample id: M696,source: MDACC,age_years: 53.0,er_status_ihc: N,pr_status_ihc: N,her2_status: N,er_status_ihc_esr1_for indeterminate: N,clinical_t_stage: T2,clinical_nodal_status: N1,clinical_ajcc_stage: IIB,grade: 3,pathologic_response_pcr_rd: pCR,pathologic_response_rcb_class: RCB-0/I,drfs_1_event_0_censored: 0,drfs_even_time_years: 1.744,esr1_status: N,erbb2_status: N,set_class: SET-Low,chemosensitivity_prediction: Rx Insensitive,ggi_class: High,pam50_class: Basal,dlda30_prediction: pCR,rcb_0_i_prediction: RCB-0/I,
GSM615358,sample id: M706,source: MDACC,age_years: 69.0,er_status_ihc: P,pr_status_ihc: N,her2_status: N,er_status_ihc_esr1_for indeterminate: P,clinical_t_stage: T4,clinical_nodal_status: N0,clinical_ajcc_stage: IIIB,grade: 2,pathologic_response_pcr_rd: RD,pathologic_response_rcb_class: RCB-III,drfs_1_event_0_censored: 0,drfs_even_time_years: 1.076,esr1_status: P,erbb2_status: N,set_class: SET-Low,chemosensitivity_prediction: Rx Insensitive,ggi_class: High,pam50_class: LumB,dlda30_prediction: RD,rcb_0_i_prediction: RCB-II/III,
GSM615359,sample id: M709,source: MDACC,age_years: 51.0,er_status_ihc: N,pr_status_ihc: N,her2_status: N,er_status_ihc_esr1_for indeterminate: N,clinical_t_stage: T4,clinical_nodal_status: N2,clinical_ajcc_stage: IIIB,grade: 3,pathologic_response_pcr_rd: pCR,pathologic_response_rcb_class: RCB-0/I,drfs_1_event_0_censored: 0,drfs_even_time_years: 1.728,esr1_status: N,erbb2_status: N,set_class: SET-Low,chemosensitivity_prediction: Rx Insensitive,ggi_class: High,pam50_class: Basal,dlda30_prediction: pCR,rcb_0_i_prediction: RCB-0/I,
GSM615360,sample id: M710,source: MDACC,age_years: 53.0,er_status_ihc: P,pr_status_ihc: P,her2_status: N,er_status_ihc_esr1_for indeterminate: P,clinical_t_stage: T2,clinical_nodal_status: N1,clinical_ajcc_stage: IIB,grade: 2,pathologic_response_pcr_rd: RD,pathologic_response_rcb_class: RCB-II,drfs_1_event_0_censored: 0,drfs_even_time_years: 1.979,esr1_status: P,erbb2_status: N,set_class: SET-Low,chemosensitivity_prediction: Rx Insensitive,ggi_class: High,pam50_class: LumA,dlda30_prediction: RD,rcb_0_i_prediction: RCB-II/III,
GSM615361,sample id: M714,source: MDACC,age_years: 64.0,er_status_ihc: P,pr_status_ihc: N,her2_status: N,er_status_ihc_esr1_for indeterminate: P,clinical_t_stage: T2,clinical_nodal_status: N1,clinical_ajcc_stage: IIB,grade: 3,pathologic_response_pcr_rd: RD,pathologic_response_rcb_class: RCB-II,drfs_1_event_0_censored: 0,drfs_even_time_years: 1.892,esr1_status: N,erbb2_status: N,set_class: SET-Low,chemosensitivity_prediction: Rx Insensitive,ggi_class: Low,pam50_class: Normal,dlda30_prediction: RD,rcb_0_i_prediction: RCB-II/III,
GSM615362,sample id: M717,source: MDACC,age_years: 52.0,er_status_ihc: P,pr_status_ihc: P,her2_status: N,er_status_ihc_esr1_for indeterminate: P,clinical_t_stage: T2,clinical_nodal_status: N0,clinical_ajcc_stage: IIA,grade: 1,pathologic_response_pcr_rd: RD,pathologic_response_rcb_class: RCB-II,drfs_1_event_0_censored: 0,drfs_even_time_years: 1.963,esr1_status: P,erbb2_status: N,set_class: SET-Low,chemosensitivity_prediction: Rx Sensitive,ggi_class: Low,pam50_class: LumA,dlda30_prediction: RD,rcb_0_i_prediction: RCB-0/I,
GSM615363,sample id: M718,source: MDACC,age_years: 36.0,er_status_ihc: N,pr_status_ihc: N,her2_status: N,er_status_ihc_esr1_for indeterminate: N,clinical_t_stage: T2,clinical_nodal_status: N0,clinical_ajcc_stage: IIA,grade: 3,pathologic_response_pcr_rd: RD,pathologic_response_rcb_class: RCB-0/I,drfs_1_event_0_censored: 0,drfs_even_time_years: 1.613,esr1_status: N,erbb2_status: N,set_class: SET-Low,chemosensitivity_prediction: Rx Insensitive,ggi_class: High,pam50_class: Basal,dlda30_prediction: pCR,rcb_0_i_prediction: RCB-0/I,
GSM615364,sample id: M722,source: MDACC,age_years: 34.0,er_status_ihc: N,pr_status_ihc: N,her2_status: N,er_status_ihc_esr1_for indeterminate: N,clinical_t_stage: T2,clinical_nodal_status: N2,clinical_ajcc_stage: IIIA,grade: 3,pathologic_response_pcr_rd: RD,pathologic_response_rcb_class: RCB-II,drfs_1_event_0_censored: 0,drfs_even_time_years: 1.541,esr1_status: N,erbb2_status: N,set_class: SET-Low,chemosensitivity_prediction: Rx Insensitive,ggi_class: High,pam50_class: Basal,dlda30_prediction: pCR,rcb_0_i_prediction: RCB-II/III,
GSM615365,sample id: M723,source: MDACC,age_years: 63.0,er_status_ihc: P,pr_status_ihc: P,her2_status: N,er_status_ihc_esr1_for indeterminate: P,clinical_t_stage: T2,clinical_nodal_status: N1,clinical_ajcc_stage: IIB,grade: 2,pathologic_response_pcr_rd: RD,pathologic_response_rcb_class: RCB-II,drfs_1_event_0_censored: 0,drfs_even_time_years: 1.927,esr1_status: P,erbb2_status: P,set_class: SET-Low,chemosensitivity_prediction: Rx Sensitive,ggi_class: Low,pam50_class: LumA,dlda30_prediction: RD,rcb_0_i_prediction: RCB-0/I,
GSM615366,sample id: M725,source: MDACC,age_years: 46.0,er_status_ihc: P,pr_status_ihc: P,her2_status: N,er_status_ihc_esr1_for indeterminate: P,clinical_t_stage: T2,clinical_nodal_status: N3,clinical_ajcc_stage: IIIB,grade: 1,pathologic_response_pcr_rd: RD,pathologic_response_rcb_class: RCB-II,drfs_1_event_0_censored: 0,drfs_even_time_years: 1.878,esr1_status: P,erbb2_status: N,set_class: SET-Low,chemosensitivity_prediction: Rx Insensitive,ggi_class: High,pam50_class: LumA,dlda30_prediction: RD,rcb_0_i_prediction: RCB-II/III,
GSM615367,sample id: M728,source: MDACC,age_years: 49.0,er_status_ihc: P,pr_status_ihc: P,her2_status: N,er_status_ihc_esr1_for indeterminate: P,clinical_t_stage: T3,clinical_nodal_status: N1,clinical_ajcc_stage: IIIA,grade: 3,pathologic_response_pcr_rd: RD,pathologic_response_rcb_class: RCB-III,drfs_1_event_0_censored: 0,drfs_even_time_years: 1.517,esr1_status: P,erbb2_status: N,set_class: SET-Low,chemosensitivity_prediction: Rx Insensitive,ggi_class: High,pam50_class: LumB,dlda30_prediction: RD,rcb_0_i_prediction: RCB-0/I,
GSM615368,sample id: M729,source: MDACC,age_years: 28.0,er_status_ihc: N,pr_status_ihc: N,her2_status: N,er_status_ihc_esr1_for indeterminate: N,clinical_t_stage: T2,clinical_nodal_status: N1,clinical_ajcc_stage: IIB,grade: 3,pathologic_response_pcr_rd: RD,pathologic_response_rcb_class: RCB-III,drfs_1_event_0_censored: 1,drfs_even_time_years: 0.728,esr1_status: N,erbb2_status: N,set_class: SET-Low,chemosensitivity_prediction: Rx Insensitive,ggi_class: High,pam50_class: Basal,dlda30_prediction: pCR,rcb_0_i_prediction: RCB-II/III,
GSM615369,sample id: M732,source: MDACC,age_years: 50.0,er_status_ihc: N,pr_status_ihc: N,her2_status: N,er_status_ihc_esr1_for indeterminate: N,clinical_t_stage: T2,clinical_nodal_status: N2,clinical_ajcc_stage: IIIA,grade: 3,pathologic_response_pcr_rd: RD,pathologic_response_rcb_class: RCB-III,drfs_1_event_0_censored: 0,drfs_even_time_years: 1.900,esr1_status: N,erbb2_status: N,set_class: SET-Low,chemosensitivity_prediction: Rx Insensitive,ggi_class: High,pam50_class: Basal,dlda30_prediction: pCR,rcb_0_i_prediction: RCB-II/III,
GSM615370,sample id: M734,source: MDACC,age_years: 36.0,er_status_ihc: P,pr_status_ihc: P,her2_status: N,er_status_ihc_esr1_for indeterminate: P,clinical_t_stage: T2,clinical_nodal_status: N0,clinical_ajcc_stage: IIA,grade: 2,pathologic_response_pcr_rd: RD,pathologic_response_rcb_class: RCB-0/I,drfs_1_event_0_censored: 0,drfs_even_time_years: 1.336,esr1_status: P,erbb2_status: N,set_class: SET-Low,chemosensitivity_prediction: Rx Insensitive,ggi_class: Low,pam50_class: LumA,dlda30_prediction: RD,rcb_0_i_prediction: RCB-0/I,
GSM615371,sample id: M735,source: MDACC,age_years: 67.0,er_status_ihc: N,pr_status_ihc: N,her2_status: N,er_status_ihc_esr1_for indeterminate: N,clinical_t_stage: T2,clinical_nodal_status: N1,clinical_ajcc_stage: IIB,grade: 3,pathologic_response_pcr_rd: pCR,pathologic_response_rcb_class: RCB-0/I,drfs_1_event_0_censored: 0,drfs_even_time_years: 1.711,esr1_status: N,erbb2_status: N,set_class: SET-Low,chemosensitivity_prediction: Rx Sensitive,ggi_class: High,pam50_class: Basal,dlda30_prediction: pCR,rcb_0_i_prediction: RCB-0/I,
GSM615372,sample id: M739,source: MDACC,age_years: 39.0,er_status_ihc: N,pr_status_ihc: N,her2_status: N,er_status_ihc_esr1_for indeterminate: N,clinical_t_stage: T2,clinical_nodal_status: N1,clinical_ajcc_stage: IIB,grade: 3,pathologic_response_pcr_rd: RD,pathologic_response_rcb_class: RCB-0/I,drfs_1_event_0_censored: 0,drfs_even_time_years: 1.695,esr1_status: N,erbb2_status: N,set_class: SET-Low,chemosensitivity_prediction: Rx Sensitive,ggi_class: High,pam50_class: Basal,dlda30_prediction: pCR,rcb_0_i_prediction: RCB-0/I,
GSM615373,sample id: M744,source: MDACC,age_years: 44.0,er_status_ihc: P,pr_status_ihc: N,her2_status: N,er_status_ihc_esr1_for indeterminate: P,clinical_t_stage: T2,clinical_nodal_status: N1,clinical_ajcc_stage: IIB,grade: 2,pathologic_response_pcr_rd: RD,pathologic_response_rcb_class: RCB-III,drfs_1_event_0_censored: 0,drfs_even_time_years: 1.029,esr1_status: P,erbb2_status: N,set_class: SET-Low,chemosensitivity_prediction: Rx Insensitive,ggi_class: Low,pam50_class: LumB,dlda30_prediction: RD,rcb_0_i_prediction: RCB-0/I,
GSM615374,sample id: M746,source: MDACC,age_years: 56.0,er_status_ihc: P,pr_status_ihc: P,her2_status: N,er_status_ihc_esr1_for indeterminate: P,clinical_t_stage: T3,clinical_nodal_status: N0,clinical_ajcc_stage: IIB,grade: 1,pathologic_response_pcr_rd: RD,pathologic_response_rcb_class: RCB-II,drfs_1_event_0_censored: 0,drfs_even_time_years: 1.665,esr1_status: P,erbb2_status: P,set_class: SET-Int,chemosensitivity_prediction: Rx Sensitive,ggi_class: Low,pam50_class: LumA,dlda30_prediction: RD,rcb_0_i_prediction: RCB-II/III,
GSM615375,sample id: M750,source: MDACC,age_years: 75.0,er_status_ihc: N,pr_status_ihc: P,her2_status: N,er_status_ihc_esr1_for indeterminate: N,clinical_t_stage: T2,clinical_nodal_status: N2,clinical_ajcc_stage: IIIA,grade: 3,pathologic_response_pcr_rd: pCR,pathologic_response_rcb_class: RCB-0/I,drfs_1_event_0_censored: 0,drfs_even_time_years: 1.240,esr1_status: N,erbb2_status: N,set_class: SET-Low,chemosensitivity_prediction: Rx Insensitive,ggi_class: High,pam50_class: Basal,dlda30_prediction: pCR,rcb_0_i_prediction: RCB-0/I,
GSM615376,sample id: M751,source: MDACC,age_years: 51.0,er_status_ihc: N,pr_status_ihc: N,her2_status: N,er_status_ihc_esr1_for indeterminate: N,clinical_t_stage: T2,clinical_nodal_status: N1,clinical_ajcc_stage: IIB,grade: 2,pathologic_response_pcr_rd: RD,pathologic_response_rcb_class: RCB-III,drfs_1_event_0_censored: 1,drfs_even_time_years: 1.133,esr1_status: N,erbb2_status: N,set_class: SET-Low,chemosensitivity_prediction: Rx Insensitive,ggi_class: High,pam50_class: Basal,dlda30_prediction: pCR,rcb_0_i_prediction: RCB-II/III,
GSM615377,sample id: M753,source: MDACC,age_years: 49.0,er_status_ihc: P,pr_status_ihc: P,her2_status: N,er_status_ihc_esr1_for indeterminate: P,clinical_t_stage: T4,clinical_nodal_status: N0,clinical_ajcc_stage: IIIB,grade: 2,pathologic_response_pcr_rd: RD,pathologic_response_rcb_class: RCB-II,drfs_1_event_0_censored: 0,drfs_even_time_years: 1.719,esr1_status: P,erbb2_status: N,set_class: SET-Low,chemosensitivity_prediction: Rx Insensitive,ggi_class: High,pam50_class: LumB,dlda30_prediction: RD,rcb_0_i_prediction: RCB-II/III,
GSM615378,sample id: M757,source: MDACC,age_years: 41.0,er_status_ihc: N,pr_status_ihc: N,her2_status: N,er_status_ihc_esr1_for indeterminate: N,clinical_t_stage: T2,clinical_nodal_status: N3,clinical_ajcc_stage: IIIB,grade: 3,pathologic_response_pcr_rd: RD,pathologic_response_rcb_class: RCB-0/I,drfs_1_event_0_censored: 0,drfs_even_time_years: 1.120,esr1_status: N,erbb2_status: N,set_class: SET-Low,chemosensitivity_prediction: Rx Insensitive,ggi_class: High,pam50_class: Basal,dlda30_prediction: pCR,rcb_0_i_prediction: RCB-0/I,
GSM615379,sample id: M758,source: MDACC,age_years: 62.0,er_status_ihc: N,pr_status_ihc: N,her2_status: N,er_status_ihc_esr1_for indeterminate: N,clinical_t_stage: T4,clinical_nodal_status: N1,clinical_ajcc_stage: IIIB,grade: 3,pathologic_response_pcr_rd: pCR,pathologic_response_rcb_class: RCB-0/I,drfs_1_event_0_censored: 0,drfs_even_time_years: 1.144,esr1_status: N,erbb2_status: N,set_class: SET-Low,chemosensitivity_prediction: Rx Insensitive,ggi_class: High,pam50_class: Basal,dlda30_prediction: pCR,rcb_0_i_prediction: RCB-0/I,
GSM615380,sample id: M763,source: MDACC,age_years: 40.0,er_status_ihc: N,pr_status_ihc: N,her2_status: N,er_status_ihc_esr1_for indeterminate: N,clinical_t_stage: T3,clinical_nodal_status: N2,clinical_ajcc_stage: IIIA,grade: 3,pathologic_response_pcr_rd: RD,pathologic_response_rcb_class: RCB-III,drfs_1_event_0_censored: 1,drfs_even_time_years: 0.170,esr1_status: N,erbb2_status: N,set_class: SET-Low,chemosensitivity_prediction: Rx Insensitive,ggi_class: High,pam50_class: Basal,dlda30_prediction: pCR,rcb_0_i_prediction: RCB-II/III,
GSM615381,sample id: M765,source: MDACC,age_years: 62.0,er_status_ihc: P,pr_status_ihc: P,her2_status: N,er_status_ihc_esr1_for indeterminate: P,clinical_t_stage: T4,clinical_nodal_status: N1,clinical_ajcc_stage: IIIB,grade: 3,pathologic_response_pcr_rd: RD,pathologic_response_rcb_class: RCB-III,drfs_1_event_0_censored: 0,drfs_even_time_years: 1.008,esr1_status: P,erbb2_status: N,set_class: SET-Low,chemosensitivity_prediction: Rx Insensitive,ggi_class: Low,pam50_class: LumA,dlda30_prediction: RD,rcb_0_i_prediction: RCB-II/III,
GSM615382,sample id: M766,source: MDACC,age_years: 59.0,er_status_ihc: N,pr_status_ihc: N,her2_status: N,er_status_ihc_esr1_for indeterminate: N,clinical_t_stage: T2,clinical_nodal_status: N0,clinical_ajcc_stage: IIA,grade: 3,pathologic_response_pcr_rd: RD,pathologic_response_rcb_class: RCB-II,drfs_1_event_0_censored: 0,drfs_even_time_years: 1.142,esr1_status: N,erbb2_status: N,set_class: SET-Low,chemosensitivity_prediction: Rx Insensitive,ggi_class: Low,pam50_class: Basal,dlda30_prediction: pCR,rcb_0_i_prediction: RCB-II/III,
GSM615383,sample id: M767,source: MDACC,age_years: 51.0,er_status_ihc: P,pr_status_ihc: P,her2_status: N,er_status_ihc_esr1_for indeterminate: P,clinical_t_stage: T2,clinical_nodal_status: N0,clinical_ajcc_stage: IIA,grade: 2,pathologic_response_pcr_rd: pCR,pathologic_response_rcb_class: RCB-0/I,drfs_1_event_0_censored: 0,drfs_even_time_years: 1.243,esr1_status: P,erbb2_status: N,set_class: SET-Int,chemosensitivity_prediction: Rx Sensitive,ggi_class: Low,pam50_class: LumA,dlda30_prediction: RD,rcb_0_i_prediction: RCB-0/I,
GSM615384,sample id: M768,source: MDACC,age_years: 57.0,er_status_ihc: N,pr_status_ihc: N,her2_status: N,er_status_ihc_esr1_for indeterminate: N,clinical_t_stage: T3,clinical_nodal_status: N1,clinical_ajcc_stage: IIIA,grade: 3,pathologic_response_pcr_rd: RD,pathologic_response_rcb_class: RCB-II,drfs_1_event_0_censored: 0,drfs_even_time_years: 1.284,esr1_status: N,erbb2_status: N,set_class: SET-Low,chemosensitivity_prediction: Rx Insensitive,ggi_class: High,pam50_class: Basal,dlda30_prediction: pCR,rcb_0_i_prediction: RCB-II/III,
GSM615385,sample id: M771,source: MDACC,age_years: 37.0,er_status_ihc: N,pr_status_ihc: N,her2_status: N,er_status_ihc_esr1_for indeterminate: N,clinical_t_stage: T3,clinical_nodal_status: N1,clinical_ajcc_stage: IIIA,grade: 2,pathologic_response_pcr_rd: RD,pathologic_response_rcb_class: RCB-II,drfs_1_event_0_censored: 0,drfs_even_time_years: 1.128,esr1_status: N,erbb2_status: N,set_class: SET-Low,chemosensitivity_prediction: Rx Insensitive,ggi_class: Low,pam50_class: Basal,dlda30_prediction: pCR,rcb_0_i_prediction: RCB-II/III,
GSM615386,sample id: M774,source: MDACC,age_years: 49.0,er_status_ihc: P,pr_status_ihc: P,her2_status: N,er_status_ihc_esr1_for indeterminate: P,clinical_t_stage: T2,clinical_nodal_status: N1,clinical_ajcc_stage: IIB,grade: 2,pathologic_response_pcr_rd: RD,pathologic_response_rcb_class: RCB-III,drfs_1_event_0_censored: 0,drfs_even_time_years: 0.879,esr1_status: P,erbb2_status: N,set_class: SET-Low,chemosensitivity_prediction: Rx Insensitive,ggi_class: Low,pam50_class: LumA,dlda30_prediction: RD,rcb_0_i_prediction: RCB-II/III,
GSM615387,sample id: M779,source: MDACC,age_years: 38.0,er_status_ihc: N,pr_status_ihc: N,her2_status: N,er_status_ihc_esr1_for indeterminate: N,clinical_t_stage: T2,clinical_nodal_status: N1,clinical_ajcc_stage: IIB,grade: 3,pathologic_response_pcr_rd: RD,pathologic_response_rcb_class: RCB-III,drfs_1_event_0_censored: 0,drfs_even_time_years: 1.391,esr1_status: N,erbb2_status: N,set_class: SET-Low,chemosensitivity_prediction: Rx Insensitive,ggi_class: High,pam50_class: Basal,dlda30_prediction: RD,rcb_0_i_prediction: RCB-II/III,
GSM615388,sample id: M781,source: MDACC,age_years: 40.0,er_status_ihc: P,pr_status_ihc: P,her2_status: N,er_status_ihc_esr1_for indeterminate: P,clinical_t_stage: T3,clinical_nodal_status: N0,clinical_ajcc_stage: IIB,grade: 2,pathologic_response_pcr_rd: RD,pathologic_response_rcb_class: RCB-II,drfs_1_event_0_censored: 0,drfs_even_time_years: 0.778,esr1_status: P,erbb2_status: N,set_class: SET-Int,chemosensitivity_prediction: Rx Sensitive,ggi_class: Low,pam50_class: LumA,dlda30_prediction: RD,rcb_0_i_prediction: RCB-II/III,
GSM615389,sample id: M782,source: MDACC,age_years: 53.0,er_status_ihc: P,pr_status_ihc: N,her2_status: N,er_status_ihc_esr1_for indeterminate: P,clinical_t_stage: T2,clinical_nodal_status: N3,clinical_ajcc_stage: IIIB,grade: 1,pathologic_response_pcr_rd: RD,pathologic_response_rcb_class: RCB-III,drfs_1_event_0_censored: 0,drfs_even_time_years: 1.147,esr1_status: P,erbb2_status: N,set_class: SET-Low,chemosensitivity_prediction: Rx Insensitive,ggi_class: Low,pam50_class: LumA,dlda30_prediction: RD,rcb_0_i_prediction: RCB-II/III,
GSM615390,sample id: M783,source: MDACC,age_years: 46.0,er_status_ihc: N,pr_status_ihc: N,her2_status: N,er_status_ihc_esr1_for indeterminate: N,clinical_t_stage: T2,clinical_nodal_status: N2,clinical_ajcc_stage: IIIA,grade: 3,pathologic_response_pcr_rd: RD,pathologic_response_rcb_class: RCB-III,drfs_1_event_0_censored: 0,drfs_even_time_years: 1.487,esr1_status: N,erbb2_status: N,set_class: SET-Low,chemosensitivity_prediction: Rx Insensitive,ggi_class: High,pam50_class: Basal,dlda30_prediction: pCR,rcb_0_i_prediction: RCB-II/III,
GSM615391,sample id: M784,source: MDACC,age_years: 58.0,er_status_ihc: P,pr_status_ihc: P,her2_status: N,er_status_ihc_esr1_for indeterminate: P,clinical_t_stage: T4,clinical_nodal_status: N0,clinical_ajcc_stage: IIIB,grade: 3,pathologic_response_pcr_rd: RD,pathologic_response_rcb_class: RCB-II,drfs_1_event_0_censored: 0,drfs_even_time_years: 1.188,esr1_status: P,erbb2_status: N,set_class: SET-Low,chemosensitivity_prediction: Rx Insensitive,ggi_class: High,pam50_class: LumB,dlda30_prediction: RD,rcb_0_i_prediction: RCB-II/III,
GSM615392,sample id: M791,source: MDACC,age_years: 65.0,er_status_ihc: N,pr_status_ihc: N,her2_status: N,er_status_ihc_esr1_for indeterminate: N,clinical_t_stage: T4,clinical_nodal_status: N2,clinical_ajcc_stage: IIIB,grade: 3,pathologic_response_pcr_rd: RD,pathologic_response_rcb_class: RCB-III,drfs_1_event_0_censored: 1,drfs_even_time_years: 0.085,esr1_status: N,erbb2_status: N,set_class: SET-Low,chemosensitivity_prediction: Rx Insensitive,ggi_class: High,pam50_class: Basal,dlda30_prediction: pCR,rcb_0_i_prediction: RCB-II/III,
GSM615393,sample id: M792,source: MDACC,age_years: 43.0,er_status_ihc: N,pr_status_ihc: N,her2_status: N,er_status_ihc_esr1_for indeterminate: N,clinical_t_stage: T3,clinical_nodal_status: N2,clinical_ajcc_stage: IIIA,grade: 3,pathologic_response_pcr_rd: pCR,pathologic_response_rcb_class: RCB-0/I,drfs_1_event_0_censored: 0,drfs_even_time_years: 1.265,esr1_status: N,erbb2_status: N,set_class: SET-Low,chemosensitivity_prediction: Rx Insensitive,ggi_class: High,pam50_class: Basal,dlda30_prediction: pCR,rcb_0_i_prediction: RCB-0/I,
GSM615394,sample id: M794,source: MDACC,age_years: 62.0,er_status_ihc: N,pr_status_ihc: N,her2_status: N,er_status_ihc_esr1_for indeterminate: N,clinical_t_stage: T2,clinical_nodal_status: N0,clinical_ajcc_stage: IIA,grade: 3,pathologic_response_pcr_rd: pCR,pathologic_response_rcb_class: RCB-0/I,drfs_1_event_0_censored: 0,drfs_even_time_years: 1.194,esr1_status: N,erbb2_status: N,set_class: SET-Low,chemosensitivity_prediction: Rx Insensitive,ggi_class: High,pam50_class: Basal,dlda30_prediction: pCR,rcb_0_i_prediction: RCB-0/I,
GSM615395,sample id: M795,source: MDACC,age_years: 64.0,er_status_ihc: P,pr_status_ihc: N,her2_status: N,er_status_ihc_esr1_for indeterminate: P,clinical_t_stage: T2,clinical_nodal_status: N0,clinical_ajcc_stage: IIA,grade: 2,pathologic_response_pcr_rd: RD,pathologic_response_rcb_class: RCB-0/I,drfs_1_event_0_censored: 0,drfs_even_time_years: 1.062,esr1_status: P,erbb2_status: N,set_class: SET-Low,chemosensitivity_prediction: Rx Sensitive,ggi_class: Low,pam50_class: LumA,dlda30_prediction: RD,rcb_0_i_prediction: RCB-0/I,
GSM615396,sample id: M802,source: MDACC,age_years: 32.0,er_status_ihc: N,pr_status_ihc: N,her2_status: N,er_status_ihc_esr1_for indeterminate: N,clinical_t_stage: T3,clinical_nodal_status: N1,clinical_ajcc_stage: IIIA,grade: 3,pathologic_response_pcr_rd: pCR,pathologic_response_rcb_class: RCB-0/I,drfs_1_event_0_censored: 0,drfs_even_time_years: 0.824,esr1_status: N,erbb2_status: N,set_class: SET-Low,chemosensitivity_prediction: Rx Sensitive,ggi_class: High,pam50_class: Basal,dlda30_prediction: pCR,rcb_0_i_prediction: RCB-0/I,
GSM615397,sample id: M805,source: MDACC,age_years: 57.0,er_status_ihc: N,pr_status_ihc: N,her2_status: N,er_status_ihc_esr1_for indeterminate: N,clinical_t_stage: T2,clinical_nodal_status: N1,clinical_ajcc_stage: IIB,grade: 2,pathologic_response_pcr_rd: pCR,pathologic_response_rcb_class: RCB-0/I,drfs_1_event_0_censored: 0,drfs_even_time_years: 0.931,esr1_status: N,erbb2_status: N,set_class: SET-Low,chemosensitivity_prediction: Rx Sensitive,ggi_class: High,pam50_class: Basal,dlda30_prediction: pCR,rcb_0_i_prediction: RCB-0/I,
GSM615398,sample id: M806,source: MDACC,age_years: 49.0,er_status_ihc: P,pr_status_ihc: P,her2_status: N,er_status_ihc_esr1_for indeterminate: P,clinical_t_stage: T4,clinical_nodal_status: N2,clinical_ajcc_stage: IIIB,grade: 3,pathologic_response_pcr_rd: RD,pathologic_response_rcb_class: RCB-III,drfs_1_event_0_censored: 1,drfs_even_time_years: 0.192,esr1_status: P,erbb2_status: N,set_class: SET-Low,chemosensitivity_prediction: Rx Insensitive,ggi_class: High,pam50_class: LumB,dlda30_prediction: RD,rcb_0_i_prediction: RCB-II/III,
GSM615399,sample id: M810,source: MDACC,age_years: 51.0,er_status_ihc: P,pr_status_ihc: P,her2_status: N,er_status_ihc_esr1_for indeterminate: P,clinical_t_stage: T3,clinical_nodal_status: N2,clinical_ajcc_stage: IIIA,grade: 2,pathologic_response_pcr_rd: RD,pathologic_response_rcb_class: RCB-III,drfs_1_event_0_censored: 0,drfs_even_time_years: 1.051,esr1_status: P,erbb2_status: N,set_class: SET-Low,chemosensitivity_prediction: Rx Insensitive,ggi_class: Low,pam50_class: LumA,dlda30_prediction: RD,rcb_0_i_prediction: RCB-II/III,
GSM615400,sample id: PERU01,source: MDACC,age_years: 73.0,er_status_ihc: P,pr_status_ihc: N,her2_status: N,er_status_ihc_esr1_for indeterminate: P,clinical_t_stage: T4,clinical_nodal_status: N1,clinical_ajcc_stage: IIIB,grade: 2,pathologic_response_pcr_rd: RD,pathologic_response_rcb_class: RCB-II,drfs_1_event_0_censored: 0,drfs_even_time_years: 2.746,esr1_status: P,erbb2_status: N,set_class: SET-Low,chemosensitivity_prediction: Rx Insensitive,ggi_class: Low,pam50_class: LumA,dlda30_prediction: RD,rcb_0_i_prediction: RCB-0/I,
GSM615401,sample id: PERU07,source: MDACC,age_years: 71.0,er_status_ihc: P,pr_status_ihc: N,her2_status: N,er_status_ihc_esr1_for indeterminate: P,clinical_t_stage: T4,clinical_nodal_status: N1,clinical_ajcc_stage: IIIB,grade: 3,pathologic_response_pcr_rd: RD,pathologic_response_rcb_class: RCB-II,drfs_1_event_0_censored: 0,drfs_even_time_years: 2.511,esr1_status: P,erbb2_status: N,set_class: SET-Low,chemosensitivity_prediction: Rx Insensitive,ggi_class: High,pam50_class: LumB,dlda30_prediction: RD,rcb_0_i_prediction: RCB-II/III,
GSM615402,sample id: PERU09,source: MDACC,age_years: 47.0,er_status_ihc: P,pr_status_ihc: P,her2_status: N,er_status_ihc_esr1_for indeterminate: P,clinical_t_stage: T4,clinical_nodal_status: N1,clinical_ajcc_stage: IIIB,grade: 2,pathologic_response_pcr_rd: RD,pathologic_response_rcb_class: RCB-III,drfs_1_event_0_censored: 0,drfs_even_time_years: 2.363,esr1_status: P,erbb2_status: N,set_class: SET-Low,chemosensitivity_prediction: Rx Insensitive,ggi_class: High,pam50_class: LumA,dlda30_prediction: RD,rcb_0_i_prediction: RCB-II/III,
GSM615403,sample id: PERU11,source: MDACC,age_years: 50.0,er_status_ihc: N,pr_status_ihc: N,her2_status: N,er_status_ihc_esr1_for indeterminate: N,clinical_t_stage: T4,clinical_nodal_status: N1,clinical_ajcc_stage: IIIB,grade: 2,pathologic_response_pcr_rd: RD,pathologic_response_rcb_class: RCB-II,drfs_1_event_0_censored: 1,drfs_even_time_years: 1.265,esr1_status: N,erbb2_status: N,set_class: SET-Low,chemosensitivity_prediction: Rx Insensitive,ggi_class: High,pam50_class: Basal,dlda30_prediction: pCR,rcb_0_i_prediction: RCB-II/III,
GSM615404,sample id: PERU12_14,source: MDACC,age_years: 65.0,er_status_ihc: P,pr_status_ihc: P,her2_status: N,er_status_ihc_esr1_for indeterminate: P,clinical_t_stage: T2,clinical_nodal_status: N2,clinical_ajcc_stage: IIIA,grade: 3,pathologic_response_pcr_rd: RD,pathologic_response_rcb_class: RCB-III,drfs_1_event_0_censored: 0,drfs_even_time_years: 2.198,esr1_status: P,erbb2_status: N,set_class: SET-Low,chemosensitivity_prediction: Rx Insensitive,ggi_class: High,pam50_class: LumB,dlda30_prediction: RD,rcb_0_i_prediction: RCB-II/III,
GSM615405,sample id: PERU14_16,source: MDACC,age_years: 58.0,er_status_ihc: N,pr_status_ihc: N,her2_status: N,er_status_ihc_esr1_for indeterminate: N,clinical_t_stage: T4,clinical_nodal_status: N2,clinical_ajcc_stage: IIIB,grade: 3,pathologic_response_pcr_rd: RD,pathologic_response_rcb_class: RCB-III,drfs_1_event_0_censored: 1,drfs_even_time_years: 0.517,esr1_status: N,erbb2_status: N,set_class: SET-Low,chemosensitivity_prediction: Rx Insensitive,ggi_class: High,pam50_class: Her2,dlda30_prediction: pCR,rcb_0_i_prediction: RCB-II/III,
GSM615631,sample id: 1,source: USO,age_years: 32.2,er_status_ihc: P,pr_status_ihc: P,her2_status: N,clinical_t_stage: T2,clinical_nodal_status: N0,clinical_ajcc_stage: IIA,grade: 2,pathologic_response_pcr_rd: RD,pathologic_response_rcb_class: NA,drfs_1_event_0_censored: 1,drfs_even_time_years: 4.54757015742642,type_taxane: Taxotere,esr1_status: P,erbb2_status: N,set_class: SET-Low,chemosensitivity_prediction: Rx Insensitive,ggi_class: Low,pam50_class: LumA,dlda30_prediction: RD,rcb_0_i_prediction: RCB-II/III,tissue: breast cancer tumor
GSM615632,sample id: 5,source: USO,age_years: 41.9,er_status_ihc: N,pr_status_ihc: P,her2_status: P,clinical_t_stage: T2,clinical_nodal_status: N1,clinical_ajcc_stage: IIB,grade: 3,pathologic_response_pcr_rd: pCR,pathologic_response_rcb_class: NA,drfs_1_event_0_censored: 0,drfs_even_time_years: 5.14442162902122,type_taxane: Taxotere,esr1_status: N,erbb2_status: N,set_class: SET-Low,chemosensitivity_prediction: Rx Insensitive,ggi_class: High,pam50_class: Basal,dlda30_prediction: pCR,rcb_0_i_prediction: RCB-0/I,tissue: breast cancer tumor
GSM615633,sample id: 12,source: USO,age_years: 36.7,er_status_ihc: P,pr_status_ihc: P,her2_status: N,clinical_t_stage: T2,clinical_nodal_status: N1,clinical_ajcc_stage: IIB,grade: 2,pathologic_response_pcr_rd: RD,pathologic_response_rcb_class: NA,drfs_1_event_0_censored: 0,drfs_even_time_years: 5.36892539356605,type_taxane: Taxotere,esr1_status: P,erbb2_status: N,set_class: SET-Low,chemosensitivity_prediction: Rx Insensitive,ggi_class: Low,pam50_class: LumB,dlda30_prediction: RD,rcb_0_i_prediction: RCB-II/III,tissue: breast cancer tumor
GSM615634,sample id: 13,source: USO,age_years: 47.1,er_status_ihc: P,pr_status_ihc: P,her2_status: N,clinical_t_stage: T2,clinical_nodal_status: N0,clinical_ajcc_stage: IIA,grade: 2,pathologic_response_pcr_rd: pCR,pathologic_response_rcb_class: NA,drfs_1_event_0_censored: 0,drfs_even_time_years: 5.05407255304586,type_taxane: Taxotere,esr1_status: P,erbb2_status: N,set_class: SET-Low,chemosensitivity_prediction: Rx Insensitive,ggi_class: High,pam50_class: LumB,dlda30_prediction: RD,rcb_0_i_prediction: RCB-0/I,tissue: breast cancer tumor
GSM615635,sample id: 18,source: USO,age_years: 43.8,er_status_ihc: P,pr_status_ihc: P,her2_status: N,clinical_t_stage: T3,clinical_nodal_status: N3,clinical_ajcc_stage: IIIC,grade: 3,pathologic_response_pcr_rd: pCR,pathologic_response_rcb_class: NA,drfs_1_event_0_censored: 0,drfs_even_time_years: 4.97741273100616,type_taxane: Taxotere,esr1_status: P,erbb2_status: N,set_class: SET-Low,chemosensitivity_prediction: Rx Insensitive,ggi_class: High,pam50_class: LumB,dlda30_prediction: RD,rcb_0_i_prediction: RCB-II/III,tissue: breast cancer tumor
GSM615636,sample id: 20,source: USO,age_years: 50.8,er_status_ihc: P,pr_status_ihc: P,her2_status: N,clinical_t_stage: T3,clinical_nodal_status: N1,clinical_ajcc_stage: IIIA,grade: 3,pathologic_response_pcr_rd: pCR,pathologic_response_rcb_class: NA,drfs_1_event_0_censored: 0,drfs_even_time_years: 2.48596851471595,type_taxane: Taxotere,esr1_status: P,erbb2_status: N,set_class: SET-Low,chemosensitivity_prediction: Rx Sensitive,ggi_class: High,pam50_class: LumB,dlda30_prediction: RD,rcb_0_i_prediction: RCB-0/I,tissue: breast cancer tumor
GSM615637,sample id: 23,source: USO,age_years: 34.1,er_status_ihc: N,pr_status_ihc: N,her2_status: N,clinical_t_stage: T3,clinical_nodal_status: N0,clinical_ajcc_stage: IIB,grade: 3,pathologic_response_pcr_rd: pCR,pathologic_response_rcb_class: NA,drfs_1_event_0_censored: 0,drfs_even_time_years: 4.94455852156057,type_taxane: Taxotere,esr1_status: N,erbb2_status: N,set_class: SET-Low,chemosensitivity_prediction: Rx Insensitive,ggi_class: High,pam50_class: Basal,dlda30_prediction: RD,rcb_0_i_prediction: RCB-0/I,tissue: breast cancer tumor
GSM615638,sample id: 24,source: USO,age_years: 57.5,er_status_ihc: P,pr_status_ihc: N,her2_status: N,clinical_t_stage: T2,clinical_nodal_status: N1,clinical_ajcc_stage: IIB,grade: 3,pathologic_response_pcr_rd: RD,pathologic_response_rcb_class: NA,drfs_1_event_0_censored: 1,drfs_even_time_years: 3.49349760438056,type_taxane: Taxotere,esr1_status: P,erbb2_status: N,set_class: SET-Low,chemosensitivity_prediction: Rx Insensitive,ggi_class: High,pam50_class: Basal,dlda30_prediction: pCR,rcb_0_i_prediction: RCB-II/III,tissue: breast cancer tumor
GSM615639,sample id: 30,source: USO,age_years: 43.0,er_status_ihc: N,pr_status_ihc: N,her2_status: N,clinical_t_stage: T3,clinical_nodal_status: N1,clinical_ajcc_stage: IIIA,grade: 3,pathologic_response_pcr_rd: pCR,pathologic_response_rcb_class: NA,drfs_1_event_0_censored: 1,drfs_even_time_years: 1.44284736481862,type_taxane: Taxotere,esr1_status: N,erbb2_status: N,set_class: SET-Low,chemosensitivity_prediction: Rx Insensitive,ggi_class: High,pam50_class: Basal,dlda30_prediction: pCR,rcb_0_i_prediction: RCB-0/I,tissue: breast cancer tumor
GSM615640,sample id: 31,source: USO,age_years: 49.0,er_status_ihc: N,pr_status_ihc: N,her2_status: N,clinical_t_stage: T3,clinical_nodal_status: N0,clinical_ajcc_stage: IIB,grade: 3,pathologic_response_pcr_rd: RD,pathologic_response_rcb_class: NA,drfs_1_event_0_censored: 1,drfs_even_time_years: 1.1937029431896,type_taxane: Taxotere,esr1_status: N,erbb2_status: N,set_class: SET-Low,chemosensitivity_prediction: Rx Insensitive,ggi_class: High,pam50_class: Basal,dlda30_prediction: pCR,rcb_0_i_prediction: RCB-II/III,tissue: breast cancer tumor
GSM615641,sample id: 32,source: USO,age_years: 40.3,er_status_ihc: N,pr_status_ihc: P,her2_status: N,clinical_t_stage: T2,clinical_nodal_status: N1,clinical_ajcc_stage: IIB,grade: 3,pathologic_response_pcr_rd: RD,pathologic_response_rcb_class: NA,drfs_1_event_0_censored: 0,drfs_even_time_years: 4.46269678302532,type_taxane: Taxotere,esr1_status: N,erbb2_status: N,set_class: SET-Low,chemosensitivity_prediction: Rx Sensitive,ggi_class: High,pam50_class: Basal,dlda30_prediction: pCR,rcb_0_i_prediction: RCB-0/I,tissue: breast cancer tumor
GSM615642,sample id: 35,source: USO,age_years: 54.0,er_status_ihc: P,pr_status_ihc: P,her2_status: N,clinical_t_stage: T3,clinical_nodal_status: N0,clinical_ajcc_stage: IIB,grade: 3,pathologic_response_pcr_rd: RD,pathologic_response_rcb_class: NA,drfs_1_event_0_censored: 0,drfs_even_time_years: 4.82683093771389,type_taxane: Taxotere,esr1_status: P,erbb2_status: N,set_class: SET-High,chemosensitivity_prediction: Rx Sensitive,ggi_class: Low,pam50_class: LumA,dlda30_prediction: RD,rcb_0_i_prediction: RCB-0/I,tissue: breast cancer tumor
GSM615643,sample id: 36,source: USO,age_years: 65.1,er_status_ihc: N,pr_status_ihc: N,her2_status: P,clinical_t_stage: T3,clinical_nodal_status: N1,clinical_ajcc_stage: IIIA,grade: 2,pathologic_response_pcr_rd: RD,pathologic_response_rcb_class: NA,drfs_1_event_0_censored: 0,drfs_even_time_years: 4.81587953456537,type_taxane: Taxotere,esr1_status: N,erbb2_status: N,set_class: SET-Low,chemosensitivity_prediction: Rx Insensitive,ggi_class: High,pam50_class: Basal,dlda30_prediction: pCR,rcb_0_i_prediction: RCB-0/I,tissue: breast cancer tumor
GSM615644,sample id: 45,source: USO,age_years: 50.1,er_status_ihc: N,pr_status_ihc: N,her2_status: N,clinical_t_stage: T3,clinical_nodal_status: N1,clinical_ajcc_stage: IIIA,grade: 3,pathologic_response_pcr_rd: pCR,pathologic_response_rcb_class: NA,drfs_1_event_0_censored: 0,drfs_even_time_years: 4.45995893223819,type_taxane: Taxotere,esr1_status: N,erbb2_status: N,set_class: SET-Low,chemosensitivity_prediction: Rx Sensitive,ggi_class: High,pam50_class: Basal,dlda30_prediction: pCR,rcb_0_i_prediction: RCB-0/I,tissue: breast cancer tumor
GSM615645,sample id: 46,source: USO,age_years: 46.9,er_status_ihc: P,pr_status_ihc: P,her2_status: N,clinical_t_stage: T3,clinical_nodal_status: N1,clinical_ajcc_stage: IIIA,grade: 3,pathologic_response_pcr_rd: RD,pathologic_response_rcb_class: NA,drfs_1_event_0_censored: 0,drfs_even_time_years: 4.91718001368925,type_taxane: Taxotere,esr1_status: P,erbb2_status: N,set_class: SET-Low,chemosensitivity_prediction: Rx Insensitive,ggi_class: High,pam50_class: LumB,dlda30_prediction: RD,rcb_0_i_prediction: RCB-0/I,tissue: breast cancer tumor
GSM615646,sample id: 48,source: USO,age_years: 51.5,er_status_ihc: P,pr_status_ihc: P,her2_status: N,clinical_t_stage: T3,clinical_nodal_status: N0,clinical_ajcc_stage: IIB,grade: 2,pathologic_response_pcr_rd: RD,pathologic_response_rcb_class: NA,drfs_1_event_0_censored: 0,drfs_even_time_years: 4.68720054757016,type_taxane: Taxotere,esr1_status: P,erbb2_status: N,set_class: SET-Low,chemosensitivity_prediction: Rx Insensitive,ggi_class: Low,pam50_class: LumA,dlda30_prediction: RD,rcb_0_i_prediction: RCB-II/III,tissue: breast cancer tumor
GSM615647,sample id: 51,source: USO,age_years: 45.4,er_status_ihc: NA,pr_status_ihc: NA,her2_status: NA,clinical_t_stage: T2,clinical_nodal_status: N0,clinical_ajcc_stage: IIA,grade: 1,pathologic_response_pcr_rd: RD,pathologic_response_rcb_class: NA,drfs_1_event_0_censored: 0,drfs_even_time_years: 4.51745379876797,type_taxane: Taxotere,esr1_status: P,erbb2_status: N,set_class: SET-Low,chemosensitivity_prediction: Rx Insensitive,ggi_class: Low,pam50_class: LumA,dlda30_prediction: RD,rcb_0_i_prediction: RCB-0/I,tissue: breast cancer tumor
GSM615648,sample id: 52,source: USO,age_years: 59.2,er_status_ihc: P,pr_status_ihc: N,her2_status: N,clinical_t_stage: T3,clinical_nodal_status: N0,clinical_ajcc_stage: IIB,grade: 3,pathologic_response_pcr_rd: RD,pathologic_response_rcb_class: NA,drfs_1_event_0_censored: 0,drfs_even_time_years: 4.42162902121834,type_taxane: Taxotere,esr1_status: N,erbb2_status: N,set_class: SET-Low,chemosensitivity_prediction: Rx Insensitive,ggi_class: High,pam50_class: Basal,dlda30_prediction: pCR,rcb_0_i_prediction: RCB-0/I,tissue: breast cancer tumor
GSM615649,sample id: 67,source: USO,age_years: 65.3,er_status_ihc: N,pr_status_ihc: N,her2_status: N,clinical_t_stage: T3,clinical_nodal_status: N2,clinical_ajcc_stage: IIIA,grade: 3,pathologic_response_pcr_rd: RD,pathologic_response_rcb_class: NA,drfs_1_event_0_censored: 1,drfs_even_time_years: 0.449007529089665,type_taxane: Taxotere,esr1_status: N,erbb2_status: N,set_class: SET-Low,chemosensitivity_prediction: Rx Insensitive,ggi_class: High,pam50_class: Basal,dlda30_prediction: pCR,rcb_0_i_prediction: RCB-II/III,tissue: breast cancer tumor
GSM615650,sample id: 68,source: USO,age_years: 60.1,er_status_ihc: N,pr_status_ihc: N,her2_status: N,clinical_t_stage: T3,clinical_nodal_status: N0,clinical_ajcc_stage: IIB,grade: 3,pathologic_response_pcr_rd: RD,pathologic_response_rcb_class: NA,drfs_1_event_0_censored: 0,drfs_even_time_years: 4.76933607118412,type_taxane: Taxotere,esr1_status: P,erbb2_status: N,set_class: SET-Low,chemosensitivity_prediction: Rx Sensitive,ggi_class: High,pam50_class: Basal,dlda30_prediction: pCR,rcb_0_i_prediction: RCB-0/I,tissue: breast cancer tumor
GSM615651,sample id: 70,source: USO,age_years: 60.9,er_status_ihc: N,pr_status_ihc: N,her2_status: N,clinical_t_stage: T2,clinical_nodal_status: N1,clinical_ajcc_stage: IIB,grade: 2,pathologic_response_pcr_rd: RD,pathologic_response_rcb_class: NA,drfs_1_event_0_censored: 1,drfs_even_time_years: 0.791238877481177,type_taxane: Taxotere,esr1_status: N,erbb2_status: N,set_class: SET-Low,chemosensitivity_prediction: Rx Insensitive,ggi_class: High,pam50_class: Basal,dlda30_prediction: pCR,rcb_0_i_prediction: RCB-0/I,tissue: breast cancer tumor
GSM615652,sample id: 76,source: USO,age_years: 41.3,er_status_ihc: P,pr_status_ihc: P,her2_status: N,clinical_t_stage: T3,clinical_nodal_status: N1,clinical_ajcc_stage: IIIA,grade: 3,pathologic_response_pcr_rd: RD,pathologic_response_rcb_class: NA,drfs_1_event_0_censored: 0,drfs_even_time_years: 4.44626967830253,type_taxane: Taxotere,esr1_status: P,erbb2_status: N,set_class: SET-Low,chemosensitivity_prediction: Rx Insensitive,ggi_class: High,pam50_class: Her2,dlda30_prediction: RD,rcb_0_i_prediction: RCB-0/I,tissue: breast cancer tumor
GSM615653,sample id: 77,source: USO,age_years: 55.9,er_status_ihc: P,pr_status_ihc: P,her2_status: N,clinical_t_stage: T3,clinical_nodal_status: N1,clinical_ajcc_stage: IIIA,grade: 2,pathologic_response_pcr_rd: RD,pathologic_response_rcb_class: NA,drfs_1_event_0_censored: 0,drfs_even_time_years: 4.53388090349076,type_taxane: Taxotere,esr1_status: P,erbb2_status: N,set_class: SET-Low,chemosensitivity_prediction: Rx Insensitive,ggi_class: High,pam50_class: LumB,dlda30_prediction: RD,rcb_0_i_prediction: RCB-II/III,tissue: breast cancer tumor
GSM615654,sample id: 80,source: USO,age_years: 45.1,er_status_ihc: P,pr_status_ihc: P,her2_status: N,clinical_t_stage: T3,clinical_nodal_status: N1,clinical_ajcc_stage: IIIA,grade: 3,pathologic_response_pcr_rd: RD,pathologic_response_rcb_class: NA,drfs_1_event_0_censored: 1,drfs_even_time_years: 3.43052703627652,type_taxane: Taxotere,esr1_status: P,erbb2_status: N,set_class: SET-Low,chemosensitivity_prediction: Rx Insensitive,ggi_class: High,pam50_class: LumA,dlda30_prediction: RD,rcb_0_i_prediction: RCB-II/III,tissue: breast cancer tumor
GSM615655,sample id: 85,source: USO,age_years: 26.1,er_status_ihc: N,pr_status_ihc: N,her2_status: NA,clinical_t_stage: T3,clinical_nodal_status: N1,clinical_ajcc_stage: IIIA,grade: NA,pathologic_response_pcr_rd: RD,pathologic_response_rcb_class: NA,drfs_1_event_0_censored: 0,drfs_even_time_years: 1.24298425735797,type_taxane: Taxotere,esr1_status: P,erbb2_status: N,set_class: SET-Low,chemosensitivity_prediction: Rx Sensitive,ggi_class: High,pam50_class: LumB,dlda30_prediction: RD,rcb_0_i_prediction: RCB-0/I,tissue: breast cancer tumor
GSM615656,sample id: 86,source: USO,age_years: 49.3,er_status_ihc: P,pr_status_ihc: N,her2_status: N,clinical_t_stage: T3,clinical_nodal_status: N0,clinical_ajcc_stage: IIB,grade: 2,pathologic_response_pcr_rd: pCR,pathologic_response_rcb_class: NA,drfs_1_event_0_censored: 0,drfs_even_time_years: 3.58658453114305,type_taxane: Taxotere,esr1_status: N,erbb2_status: N,set_class: SET-Low,chemosensitivity_prediction: Rx Insensitive,ggi_class: High,pam50_class: Normal,dlda30_prediction: pCR,rcb_0_i_prediction: RCB-II/III,tissue: breast cancer tumor
GSM615657,sample id: 87,source: USO,age_years: 43.9,er_status_ihc: N,pr_status_ihc: N,her2_status: N,clinical_t_stage: T3,clinical_nodal_status: N2,clinical_ajcc_stage: IIIA,grade: 3,pathologic_response_pcr_rd: RD,pathologic_response_rcb_class: NA,drfs_1_event_0_censored: 1,drfs_even_time_years: 0.424366872005476,type_taxane: Taxotere,esr1_status: N,erbb2_status: N,set_class: SET-Low,chemosensitivity_prediction: Rx Insensitive,ggi_class: High,pam50_class: Basal,dlda30_prediction: pCR,rcb_0_i_prediction: RCB-II/III,tissue: breast cancer tumor
GSM615658,sample id: 88,source: USO,age_years: 50.3,er_status_ihc: N,pr_status_ihc: N,her2_status: N,clinical_t_stage: T2,clinical_nodal_status: N1,clinical_ajcc_stage: IIB,grade: 3,pathologic_response_pcr_rd: pCR,pathologic_response_rcb_class: NA,drfs_1_event_0_censored: 0,drfs_even_time_years: 4.48459958932238,type_taxane: Taxotere,esr1_status: N,erbb2_status: N,set_class: SET-Low,chemosensitivity_prediction: Rx Insensitive,ggi_class: High,pam50_class: Basal,dlda30_prediction: pCR,rcb_0_i_prediction: RCB-II/III,tissue: breast cancer tumor
GSM615659,sample id: 94,source: USO,age_years: 59.5,er_status_ihc: P,pr_status_ihc: P,her2_status: N,clinical_t_stage: T3,clinical_nodal_status: N1,clinical_ajcc_stage: IIIA,grade: 2,pathologic_response_pcr_rd: RD,pathologic_response_rcb_class: NA,drfs_1_event_0_censored: 0,drfs_even_time_years: 4.41889117043121,type_taxane: Taxotere,esr1_status: P,erbb2_status: N,set_class: SET-Low,chemosensitivity_prediction: Rx Insensitive,ggi_class: Low,pam50_class: LumA,dlda30_prediction: RD,rcb_0_i_prediction: RCB-II/III,tissue: breast cancer tumor
GSM615660,sample id: 95,source: USO,age_years: 40.7,er_status_ihc: N,pr_status_ihc: N,her2_status: N,clinical_t_stage: T2,clinical_nodal_status: N3,clinical_ajcc_stage: IIIC,grade: 3,pathologic_response_pcr_rd: pCR,pathologic_response_rcb_class: NA,drfs_1_event_0_censored: 0,drfs_even_time_years: 3.04996577686516,type_taxane: Taxotere,esr1_status: N,erbb2_status: N,set_class: SET-Low,chemosensitivity_prediction: Rx Insensitive,ggi_class: High,pam50_class: Basal,dlda30_prediction: pCR,rcb_0_i_prediction: RCB-0/I,tissue: breast cancer tumor
GSM615661,sample id: 96,source: USO,age_years: 62.3,er_status_ihc: N,pr_status_ihc: N,her2_status: N,clinical_t_stage: T2,clinical_nodal_status: N1,clinical_ajcc_stage: IIB,grade: 3,pathologic_response_pcr_rd: RD,pathologic_response_rcb_class: NA,drfs_1_event_0_censored: 0,drfs_even_time_years: 4.42710472279261,type_taxane: Taxotere,esr1_status: N,erbb2_status: N,set_class: SET-Low,chemosensitivity_prediction: Rx Insensitive,ggi_class: High,pam50_class: Basal,dlda30_prediction: pCR,rcb_0_i_prediction: RCB-0/I,tissue: breast cancer tumor
GSM615662,sample id: 97,source: USO,age_years: 43.4,er_status_ihc: P,pr_status_ihc: P,her2_status: N,clinical_t_stage: T3,clinical_nodal_status: N1,clinical_ajcc_stage: IIIA,grade: 3,pathologic_response_pcr_rd: RD,pathologic_response_rcb_class: NA,drfs_1_event_0_censored: 1,drfs_even_time_years: 1.89733059548255,type_taxane: Taxotere,esr1_status: P,erbb2_status: N,set_class: SET-Low,chemosensitivity_prediction: Rx Insensitive,ggi_class: High,pam50_class: LumB,dlda30_prediction: RD,rcb_0_i_prediction: RCB-II/III,tissue: breast cancer tumor
GSM615663,sample id: 100,source: USO,age_years: 52.8,er_status_ihc: P,pr_status_ihc: P,her2_status: N,clinical_t_stage: T3,clinical_nodal_status: N1,clinical_ajcc_stage: IIIA,grade: 3,pathologic_response_pcr_rd: pCR,pathologic_response_rcb_class: NA,drfs_1_event_0_censored: 0,drfs_even_time_years: 4.435318275154,type_taxane: Taxotere,esr1_status: P,erbb2_status: N,set_class: SET-Low,chemosensitivity_prediction: Rx Insensitive,ggi_class: High,pam50_class: LumB,dlda30_prediction: RD,rcb_0_i_prediction: RCB-0/I,tissue: breast cancer tumor
GSM615664,sample id: 101,source: USO,age_years: 44.4,er_status_ihc: P,pr_status_ihc: P,her2_status: N,clinical_t_stage: T3,clinical_nodal_status: N1,clinical_ajcc_stage: IIIA,grade: 3,pathologic_response_pcr_rd: RD,pathologic_response_rcb_class: NA,drfs_1_event_0_censored: 0,drfs_even_time_years: 1.03764544832307,type_taxane: Taxotere,esr1_status: N,erbb2_status: N,set_class: SET-Low,chemosensitivity_prediction: Rx Insensitive,ggi_class: Low,pam50_class: Normal,dlda30_prediction: pCR,rcb_0_i_prediction: RCB-II/III,tissue: breast cancer tumor
GSM615665,sample id: 103,source: USO,age_years: 50.1,er_status_ihc: P,pr_status_ihc: P,her2_status: N,clinical_t_stage: T2,clinical_nodal_status: N1,clinical_ajcc_stage: IIB,grade: 2,pathologic_response_pcr_rd: pCR,pathologic_response_rcb_class: NA,drfs_1_event_0_censored: 0,drfs_even_time_years: 4.48186173853525,type_taxane: Taxotere,esr1_status: P,erbb2_status: N,set_class: SET-Low,chemosensitivity_prediction: Rx Insensitive,ggi_class: High,pam50_class: LumA,dlda30_prediction: RD,rcb_0_i_prediction: RCB-0/I,tissue: breast cancer tumor
GSM615666,sample id: 104,source: USO,age_years: 66.7,er_status_ihc: N,pr_status_ihc: N,her2_status: N,clinical_t_stage: T3,clinical_nodal_status: N1,clinical_ajcc_stage: IIIA,grade: 3,pathologic_response_pcr_rd: RD,pathologic_response_rcb_class: NA,drfs_1_event_0_censored: 0,drfs_even_time_years: 4.56673511293635,type_taxane: Taxotere,esr1_status: N,erbb2_status: N,set_class: SET-Low,chemosensitivity_prediction: Rx Insensitive,ggi_class: High,pam50_class: Basal,dlda30_prediction: pCR,rcb_0_i_prediction: RCB-0/I,tissue: breast cancer tumor
GSM615667,sample id: 106,source: USO,age_years: 55.7,er_status_ihc: N,pr_status_ihc: N,her2_status: N,clinical_t_stage: T3,clinical_nodal_status: N1,clinical_ajcc_stage: IIIA,grade: 3,pathologic_response_pcr_rd: RD,pathologic_response_rcb_class: NA,drfs_1_event_0_censored: 0,drfs_even_time_years: 2.22313483915127,type_taxane: Taxotere,esr1_status: N,erbb2_status: N,set_class: SET-Low,chemosensitivity_prediction: Rx Insensitive,ggi_class: High,pam50_class: Basal,dlda30_prediction: pCR,rcb_0_i_prediction: RCB-II/III,tissue: breast cancer tumor
GSM615668,sample id: 110,source: USO,age_years: 40.3,er_status_ihc: N,pr_status_ihc: N,her2_status: N,clinical_t_stage: T2,clinical_nodal_status: N2,clinical_ajcc_stage: IIIA,grade: 3,pathologic_response_pcr_rd: pCR,pathologic_response_rcb_class: NA,drfs_1_event_0_censored: 1,drfs_even_time_years: 1.50855578370979,type_taxane: Taxotere,esr1_status: P,erbb2_status: N,set_class: SET-Low,chemosensitivity_prediction: Rx Insensitive,ggi_class: High,pam50_class: Basal,dlda30_prediction: pCR,rcb_0_i_prediction: RCB-II/III,tissue: breast cancer tumor
GSM615669,sample id: 111,source: USO,age_years: 47.4,er_status_ihc: P,pr_status_ihc: N,her2_status: N,clinical_t_stage: T3,clinical_nodal_status: N0,clinical_ajcc_stage: IIB,grade: 3,pathologic_response_pcr_rd: pCR,pathologic_response_rcb_class: NA,drfs_1_event_0_censored: 0,drfs_even_time_years: 4.46817248459959,type_taxane: Taxotere,esr1_status: P,erbb2_status: N,set_class: SET-Low,chemosensitivity_prediction: Rx Sensitive,ggi_class: High,pam50_class: LumB,dlda30_prediction: RD,rcb_0_i_prediction: RCB-0/I,tissue: breast cancer tumor
GSM615670,sample id: 112,source: USO,age_years: 52.5,er_status_ihc: P,pr_status_ihc: P,her2_status: N,clinical_t_stage: T3,clinical_nodal_status: N0,clinical_ajcc_stage: IIB,grade: 2,pathologic_response_pcr_rd: RD,pathologic_response_rcb_class: NA,drfs_1_event_0_censored: 0,drfs_even_time_years: 4.01916495550992,type_taxane: Taxotere,esr1_status: P,erbb2_status: N,set_class: SET-Low,chemosensitivity_prediction: Rx Insensitive,ggi_class: High,pam50_class: LumB,dlda30_prediction: RD,rcb_0_i_prediction: RCB-II/III,tissue: breast cancer tumor
GSM615671,sample id: 113,source: USO,age_years: 38.6,er_status_ihc: N,pr_status_ihc: N,her2_status: N,clinical_t_stage: T3,clinical_nodal_status: N0,clinical_ajcc_stage: IIB,grade: 2,pathologic_response_pcr_rd: RD,pathologic_response_rcb_class: NA,drfs_1_event_0_censored: 0,drfs_even_time_years: 3.95893223819302,type_taxane: Taxotere,esr1_status: N,erbb2_status: N,set_class: SET-Low,chemosensitivity_prediction: Rx Insensitive,ggi_class: High,pam50_class: Basal,dlda30_prediction: pCR,rcb_0_i_prediction: RCB-0/I,tissue: breast cancer tumor
GSM615672,sample id: 118,source: USO,age_years: 49.6,er_status_ihc: N,pr_status_ihc: N,her2_status: N,clinical_t_stage: T3,clinical_nodal_status: N0,clinical_ajcc_stage: IIB,grade: NA,pathologic_response_pcr_rd: pCR,pathologic_response_rcb_class: NA,drfs_1_event_0_censored: 0,drfs_even_time_years: 2.86105407255305,type_taxane: Taxotere,esr1_status: N,erbb2_status: N,set_class: SET-Low,chemosensitivity_prediction: Rx Insensitive,ggi_class: High,pam50_class: Basal,dlda30_prediction: pCR,rcb_0_i_prediction: RCB-II/III,tissue: breast cancer tumor
GSM615673,sample id: 124,source: USO,age_years: 34.1,er_status_ihc: P,pr_status_ihc: P,her2_status: N,clinical_t_stage: T3,clinical_nodal_status: N0,clinical_ajcc_stage: IIB,grade: 2,pathologic_response_pcr_rd: RD,pathologic_response_rcb_class: NA,drfs_1_event_0_censored: 1,drfs_even_time_years: 0.136892539356605,type_taxane: Taxotere,esr1_status: P,erbb2_status: N,set_class: SET-Low,chemosensitivity_prediction: Rx Insensitive,ggi_class: High,pam50_class: LumB,dlda30_prediction: RD,rcb_0_i_prediction: RCB-0/I,tissue: breast cancer tumor
GSM615674,sample id: 125,source: USO,age_years: 32.6,er_status_ihc: N,pr_status_ihc: N,her2_status: N,clinical_t_stage: T1,clinical_nodal_status: N1,clinical_ajcc_stage: IIA,grade: 3,pathologic_response_pcr_rd: RD,pathologic_response_rcb_class: NA,drfs_1_event_0_censored: 1,drfs_even_time_years: 0.468172484599589,type_taxane: Taxotere,esr1_status: N,erbb2_status: N,set_class: SET-Low,chemosensitivity_prediction: Rx Insensitive,ggi_class: High,pam50_class: Basal,dlda30_prediction: pCR,rcb_0_i_prediction: RCB-0/I,tissue: breast cancer tumor
GSM615675,sample id: 130,source: USO,age_years: 45.2,er_status_ihc: P,pr_status_ihc: P,her2_status: N,clinical_t_stage: T3,clinical_nodal_status: N0,clinical_ajcc_stage: IIB,grade: 3,pathologic_response_pcr_rd: RD,pathologic_response_rcb_class: NA,drfs_1_event_0_censored: 0,drfs_even_time_years: 4.09582477754962,type_taxane: Taxotere,esr1_status: P,erbb2_status: N,set_class: SET-Low,chemosensitivity_prediction: Rx Insensitive,ggi_class: High,pam50_class: LumA,dlda30_prediction: RD,rcb_0_i_prediction: RCB-0/I,tissue: breast cancer tumor
GSM615676,sample id: 133,source: USO,age_years: 46.8,er_status_ihc: N,pr_status_ihc: P,her2_status: N,clinical_t_stage: T2,clinical_nodal_status: N1,clinical_ajcc_stage: IIB,grade: 3,pathologic_response_pcr_rd: pCR,pathologic_response_rcb_class: NA,drfs_1_event_0_censored: 0,drfs_even_time_years: 4.18891170431212,type_taxane: Taxotere,esr1_status: N,erbb2_status: N,set_class: SET-Low,chemosensitivity_prediction: Rx Sensitive,ggi_class: High,pam50_class: Basal,dlda30_prediction: pCR,rcb_0_i_prediction: RCB-0/I,tissue: breast cancer tumor
GSM615677,sample id: 145,source: USO,age_years: 46.0,er_status_ihc: N,pr_status_ihc: N,her2_status: N,clinical_t_stage: T3,clinical_nodal_status: N3,clinical_ajcc_stage: IIIC,grade: 3,pathologic_response_pcr_rd: pCR,pathologic_response_rcb_class: NA,drfs_1_event_0_censored: 0,drfs_even_time_years: 4.06297056810404,type_taxane: Taxotere,esr1_status: N,erbb2_status: N,set_class: SET-Low,chemosensitivity_prediction: Rx Sensitive,ggi_class: High,pam50_class: Basal,dlda30_prediction: pCR,rcb_0_i_prediction: RCB-0/I,tissue: breast cancer tumor
GSM615678,sample id: 148,source: USO,age_years: 54.6,er_status_ihc: P,pr_status_ihc: P,her2_status: N,clinical_t_stage: T2,clinical_nodal_status: N0,clinical_ajcc_stage: IIA,grade: 3,pathologic_response_pcr_rd: RD,pathologic_response_rcb_class: NA,drfs_1_event_0_censored: 0,drfs_even_time_years: 3.97262149212868,type_taxane: Taxotere,esr1_status: P,erbb2_status: N,set_class: SET-Low,chemosensitivity_prediction: Rx Insensitive,ggi_class: High,pam50_class: Her2,dlda30_prediction: RD,rcb_0_i_prediction: RCB-II/III,tissue: breast cancer tumor
GSM615679,sample id: 149,source: USO,age_years: 42.6,er_status_ihc: P,pr_status_ihc: P,her2_status: N,clinical_t_stage: T3,clinical_nodal_status: N1,clinical_ajcc_stage: IIIA,grade: 2,pathologic_response_pcr_rd: RD,pathologic_response_rcb_class: NA,drfs_1_event_0_censored: 0,drfs_even_time_years: 1.92470910335387,type_taxane: Taxotere,esr1_status: P,erbb2_status: N,set_class: SET-Low,chemosensitivity_prediction: Rx Sensitive,ggi_class: High,pam50_class: LumA,dlda30_prediction: RD,rcb_0_i_prediction: RCB-0/I,tissue: breast cancer tumor
GSM615680,sample id: 150,source: USO,age_years: 48.4,er_status_ihc: N,pr_status_ihc: N,her2_status: N,clinical_t_stage: T3,clinical_nodal_status: N0,clinical_ajcc_stage: IIB,grade: 3,pathologic_response_pcr_rd: pCR,pathologic_response_rcb_class: NA,drfs_1_event_0_censored: 0,drfs_even_time_years: 3.93429158110883,type_taxane: Taxotere,esr1_status: N,erbb2_status: N,set_class: SET-Low,chemosensitivity_prediction: Rx Sensitive,ggi_class: High,pam50_class: Basal,dlda30_prediction: pCR,rcb_0_i_prediction: RCB-0/I,tissue: breast cancer tumor
GSM615681,sample id: 154,source: USO,age_years: 52.8,er_status_ihc: N,pr_status_ihc: N,her2_status: N,clinical_t_stage: T2,clinical_nodal_status: N0,clinical_ajcc_stage: IIA,grade: NA,pathologic_response_pcr_rd: pCR,pathologic_response_rcb_class: NA,drfs_1_event_0_censored: 1,drfs_even_time_years: 1.23477070499658,type_taxane: Taxotere,esr1_status: N,erbb2_status: N,set_class: SET-Low,chemosensitivity_prediction: Rx Insensitive,ggi_class: High,pam50_class: Basal,dlda30_prediction: pCR,rcb_0_i_prediction: RCB-0/I,tissue: breast cancer tumor
GSM615682,sample id: 155,source: USO,age_years: 46.0,er_status_ihc: N,pr_status_ihc: P,her2_status: N,clinical_t_stage: T2,clinical_nodal_status: N1,clinical_ajcc_stage: IIB,grade: 2,pathologic_response_pcr_rd: RD,pathologic_response_rcb_class: NA,drfs_1_event_0_censored: 0,drfs_even_time_years: 3.69609856262834,type_taxane: Taxotere,esr1_status: P,erbb2_status: N,set_class: SET-Low,chemosensitivity_prediction: Rx Sensitive,ggi_class: High,pam50_class: LumA,dlda30_prediction: RD,rcb_0_i_prediction: RCB-0/I,tissue: breast cancer tumor
GSM615683,sample id: 159,source: USO,age_years: 57.7,er_status_ihc: P,pr_status_ihc: P,her2_status: N,clinical_t_stage: T2,clinical_nodal_status: N1,clinical_ajcc_stage: IIB,grade: 2,pathologic_response_pcr_rd: RD,pathologic_response_rcb_class: NA,drfs_1_event_0_censored: 0,drfs_even_time_years: 3.98904859685147,type_taxane: Taxotere,esr1_status: P,erbb2_status: N,set_class: SET-Low,chemosensitivity_prediction: Rx Insensitive,ggi_class: Low,pam50_class: LumA,dlda30_prediction: RD,rcb_0_i_prediction: RCB-0/I,tissue: breast cancer tumor
GSM615684,sample id: 161,source: USO,age_years: 61.1,er_status_ihc: N,pr_status_ihc: P,her2_status: N,clinical_t_stage: T2,clinical_nodal_status: N0,clinical_ajcc_stage: IIA,grade: 3,pathologic_response_pcr_rd: RD,pathologic_response_rcb_class: NA,drfs_1_event_0_censored: 0,drfs_even_time_years: 4.12046543463381,type_taxane: Taxotere,esr1_status: N,erbb2_status: N,set_class: SET-Low,chemosensitivity_prediction: Rx Insensitive,ggi_class: Low,pam50_class: Normal,dlda30_prediction: RD,rcb_0_i_prediction: RCB-II/III,tissue: breast cancer tumor
GSM615685,sample id: 223,source: MDACC,age_years: 62.0,er_status_ihc: P,pr_status_ihc: P,her2_status: N,clinical_t_stage: T2,clinical_nodal_status: N1,clinical_ajcc_stage: IIB,grade: 3,pathologic_response_pcr_rd: RD,pathologic_response_rcb_class: RCB-II,drfs_1_event_0_censored: 0,drfs_even_time_years: 7.35934291581109,type_taxane: Taxotere,esr1_status: P,erbb2_status: N,set_class: SET-Low,chemosensitivity_prediction: Rx Insensitive,ggi_class: High,pam50_class: LumA,dlda30_prediction: RD,rcb_0_i_prediction: RCB-II/III,tissue: breast cancer tumor
GSM615686,sample id: 225,source: MDACC,age_years: 37.0,er_status_ihc: P,pr_status_ihc: P,her2_status: N,clinical_t_stage: T2,clinical_nodal_status: N0,clinical_ajcc_stage: IIA,grade: 2,pathologic_response_pcr_rd: RD,pathologic_response_rcb_class: RCB-II,drfs_1_event_0_censored: 1,drfs_even_time_years: 1.3388090349076,type_taxane: Taxotere,esr1_status: P,erbb2_status: N,set_class: SET-Low,chemosensitivity_prediction: Rx Insensitive,ggi_class: Low,pam50_class: LumA,dlda30_prediction: RD,rcb_0_i_prediction: RCB-II/III,tissue: breast cancer tumor
GSM615687,sample id: 249,source: MDACC,age_years: 39.0,er_status_ihc: N,pr_status_ihc: N,her2_status: N,clinical_t_stage: T3,clinical_nodal_status: N0,clinical_ajcc_stage: IIB,grade: 3,pathologic_response_pcr_rd: RD,pathologic_response_rcb_class: NA,drfs_1_event_0_censored: 1,drfs_even_time_years: 1.25941136208077,type_taxane: Taxotere,esr1_status: N,erbb2_status: N,set_class: SET-Low,chemosensitivity_prediction: Rx Sensitive,ggi_class: High,pam50_class: Basal,dlda30_prediction: pCR,rcb_0_i_prediction: RCB-0/I,tissue: breast cancer tumor
GSM615688,sample id: 268,source: MDACC,age_years: 38.0,er_status_ihc: P,pr_status_ihc: N,her2_status: N,clinical_t_stage: T2,clinical_nodal_status: N0,clinical_ajcc_stage: IIA,grade: 2,pathologic_response_pcr_rd: RD,pathologic_response_rcb_class: RCB-II,drfs_1_event_0_censored: 0,drfs_even_time_years: 6.60917180013689,type_taxane: Taxotere,esr1_status: P,erbb2_status: P,set_class: SET-Int,chemosensitivity_prediction: Rx Sensitive,ggi_class: Low,pam50_class: LumA,dlda30_prediction: RD,rcb_0_i_prediction: RCB-0/I,tissue: breast cancer tumor
GSM615689,sample id: 272,source: MDACC,age_years: 40.0,er_status_ihc: N,pr_status_ihc: N,her2_status: N,clinical_t_stage: T3,clinical_nodal_status: N0,clinical_ajcc_stage: IIB,grade: 3,pathologic_response_pcr_rd: RD,pathologic_response_rcb_class: NA,drfs_1_event_0_censored: 1,drfs_even_time_years: 2.02600958247776,type_taxane: Taxotere,esr1_status: N,erbb2_status: P,set_class: SET-Low,chemosensitivity_prediction: Rx Insensitive,ggi_class: High,pam50_class: Basal,dlda30_prediction: pCR,rcb_0_i_prediction: RCB-0/I,tissue: breast cancer tumor
GSM615690,sample id: 290,source: MDACC,age_years: 45.0,er_status_ihc: P,pr_status_ihc: P,her2_status: N,clinical_t_stage: T2,clinical_nodal_status: N0,clinical_ajcc_stage: IIA,grade: 2,pathologic_response_pcr_rd: RD,pathologic_response_rcb_class: RCB-II,drfs_1_event_0_censored: 0,drfs_even_time_years: 6.40657084188912,type_taxane: Taxotere,esr1_status: P,erbb2_status: N,set_class: SET-Low,chemosensitivity_prediction: Rx Insensitive,ggi_class: Low,pam50_class: LumA,dlda30_prediction: RD,rcb_0_i_prediction: RCB-II/III,tissue: breast cancer tumor
GSM615691,sample id: 293,source: MDACC,age_years: 34.0,er_status_ihc: N,pr_status_ihc: N,her2_status: N,clinical_t_stage: T2,clinical_nodal_status: N1,clinical_ajcc_stage: IIB,grade: 3,pathologic_response_pcr_rd: RD,pathologic_response_rcb_class: RCB-III,drfs_1_event_0_censored: 1,drfs_even_time_years: 2.09993155373032,type_taxane: Taxotere,esr1_status: N,erbb2_status: N,set_class: SET-Low,chemosensitivity_prediction: Rx Insensitive,ggi_class: High,pam50_class: Basal,dlda30_prediction: pCR,rcb_0_i_prediction: RCB-0/I,tissue: breast cancer tumor
GSM615692,sample id: 305,source: MDACC,age_years: 59.0,er_status_ihc: P,pr_status_ihc: P,her2_status: N,clinical_t_stage: T2,clinical_nodal_status: N1,clinical_ajcc_stage: IIB,grade: 2,pathologic_response_pcr_rd: RD,pathologic_response_rcb_class: RCB-III,drfs_1_event_0_censored: 0,drfs_even_time_years: 4.14236824093087,type_taxane: Taxotere,esr1_status: P,erbb2_status: N,set_class: SET-Low,chemosensitivity_prediction: Rx Sensitive,ggi_class: Low,pam50_class: LumA,dlda30_prediction: RD,rcb_0_i_prediction: RCB-0/I,tissue: breast cancer tumor
GSM615693,sample id: 320,source: MDACC,age_years: 36.0,er_status_ihc: N,pr_status_ihc: P,her2_status: N,clinical_t_stage: T2,clinical_nodal_status: N1,clinical_ajcc_stage: IIB,grade: 3,pathologic_response_pcr_rd: RD,pathologic_response_rcb_class: NA,drfs_1_event_0_censored: 0,drfs_even_time_years: 4.72553045859001,type_taxane: Taxotere,esr1_status: P,erbb2_status: N,set_class: SET-Low,chemosensitivity_prediction: Rx Insensitive,ggi_class: High,pam50_class: LumA,dlda30_prediction: RD,rcb_0_i_prediction: RCB-II/III,tissue: breast cancer tumor
GSM615694,sample id: 324,source: MDACC,age_years: 40.0,er_status_ihc: N,pr_status_ihc: N,her2_status: N,clinical_t_stage: T2,clinical_nodal_status: N1,clinical_ajcc_stage: IIB,grade: 3,pathologic_response_pcr_rd: pCR,pathologic_response_rcb_class: RCB-0/I,drfs_1_event_0_censored: 0,drfs_even_time_years: 5.4072553045859,type_taxane: Taxotere,esr1_status: N,erbb2_status: N,set_class: SET-Low,chemosensitivity_prediction: Rx Insensitive,ggi_class: High,pam50_class: Basal,dlda30_prediction: RD,rcb_0_i_prediction: RCB-0/I,tissue: breast cancer tumor
GSM615695,sample id: 327,source: MDACC,age_years: 72.0,er_status_ihc: P,pr_status_ihc: P,her2_status: N,clinical_t_stage: T3,clinical_nodal_status: N1,clinical_ajcc_stage: IIIA,grade: 3,pathologic_response_pcr_rd: pCR,pathologic_response_rcb_class: RCB-0/I,drfs_1_event_0_censored: 0,drfs_even_time_years: 5.37713894592745,type_taxane: Taxotere,esr1_status: N,erbb2_status: P,set_class: SET-Low,chemosensitivity_prediction: Rx Insensitive,ggi_class: High,pam50_class: Basal,dlda30_prediction: pCR,rcb_0_i_prediction: RCB-0/I,tissue: breast cancer tumor
GSM615696,sample id: 336,source: MDACC,age_years: 65.0,er_status_ihc: N,pr_status_ihc: N,her2_status: N,clinical_t_stage: T2,clinical_nodal_status: N1,clinical_ajcc_stage: IIB,grade: 3,pathologic_response_pcr_rd: RD,pathologic_response_rcb_class: RCB-0/I,drfs_1_event_0_censored: 1,drfs_even_time_years: 2.95140314852841,type_taxane: Taxotere,esr1_status: N,erbb2_status: N,set_class: SET-Low,chemosensitivity_prediction: Rx Insensitive,ggi_class: High,pam50_class: Basal,dlda30_prediction: pCR,rcb_0_i_prediction: RCB-0/I,tissue: breast cancer tumor
GSM615697,sample id: 337,source: MDACC,age_years: 52.0,er_status_ihc: P,pr_status_ihc: P,her2_status: N,clinical_t_stage: T2,clinical_nodal_status: N2,clinical_ajcc_stage: IIIA,grade: 3,pathologic_response_pcr_rd: RD,pathologic_response_rcb_class: RCB-III,drfs_1_event_0_censored: 0,drfs_even_time_years: 6.07529089664613,type_taxane: Taxotere,esr1_status: P,erbb2_status: P,set_class: SET-Low,chemosensitivity_prediction: Rx Insensitive,ggi_class: Low,pam50_class: LumA,dlda30_prediction: RD,rcb_0_i_prediction: RCB-II/III,tissue: breast cancer tumor
GSM615698,sample id: 342,source: MDACC,age_years: 56.0,er_status_ihc: P,pr_status_ihc: P,her2_status: N,clinical_t_stage: T2,clinical_nodal_status: N0,clinical_ajcc_stage: IIA,grade: 3,pathologic_response_pcr_rd: RD,pathologic_response_rcb_class: RCB-II,drfs_1_event_0_censored: 0,drfs_even_time_years: 5.75770020533881,type_taxane: Taxotere,esr1_status: P,erbb2_status: N,set_class: SET-Low,chemosensitivity_prediction: Rx Sensitive,ggi_class: Low,pam50_class: LumA,dlda30_prediction: RD,rcb_0_i_prediction: RCB-0/I,tissue: breast cancer tumor
GSM615699,sample id: 348,source: MDACC,age_years: 47.0,er_status_ihc: N,pr_status_ihc: N,her2_status: N,clinical_t_stage: T3,clinical_nodal_status: N1,clinical_ajcc_stage: IIIA,grade: 3,pathologic_response_pcr_rd: RD,pathologic_response_rcb_class: RCB-II,drfs_1_event_0_censored: 0,drfs_even_time_years: 5.85626283367557,type_taxane: Taxotere,esr1_status: N,erbb2_status: N,set_class: SET-Low,chemosensitivity_prediction: Rx Sensitive,ggi_class: High,pam50_class: Basal,dlda30_prediction: pCR,rcb_0_i_prediction: RCB-0/I,tissue: breast cancer tumor
GSM615700,sample id: 364,source: MDACC,age_years: 69.0,er_status_ihc: P,pr_status_ihc: P,her2_status: N,clinical_t_stage: T3,clinical_nodal_status: N0,clinical_ajcc_stage: IIB,grade: 1,pathologic_response_pcr_rd: RD,pathologic_response_rcb_class: RCB-II,drfs_1_event_0_censored: 0,drfs_even_time_years: 6.02053388090349,type_taxane: Taxotere,esr1_status: P,erbb2_status: N,set_class: SET-Low,chemosensitivity_prediction: Rx Insensitive,ggi_class: Low,pam50_class: LumA,dlda30_prediction: RD,rcb_0_i_prediction: RCB-II/III,tissue: breast cancer tumor
GSM615701,sample id: 437,source: MDACC,age_years: 53.0,er_status_ihc: P,pr_status_ihc: N,her2_status: N,clinical_t_stage: T2,clinical_nodal_status: N1,clinical_ajcc_stage: IIB,grade: 3,pathologic_response_pcr_rd: RD,pathologic_response_rcb_class: RCB-III,drfs_1_event_0_censored: 0,drfs_even_time_years: 5.30047912388775,type_taxane: Taxotere,esr1_status: N,erbb2_status: N,set_class: SET-Low,chemosensitivity_prediction: Rx Insensitive,ggi_class: High,pam50_class: Basal,dlda30_prediction: pCR,rcb_0_i_prediction: RCB-0/I,tissue: breast cancer tumor
GSM615702,sample id: 440,source: MDACC,age_years: 57.0,er_status_ihc: P,pr_status_ihc: N,her2_status: N,clinical_t_stage: T2,clinical_nodal_status: N0,clinical_ajcc_stage: IIA,grade: 3,pathologic_response_pcr_rd: RD,pathologic_response_rcb_class: RCB-II,drfs_1_event_0_censored: 0,drfs_even_time_years: 5.60164271047228,type_taxane: Taxotere,esr1_status: P,erbb2_status: N,set_class: SET-Low,chemosensitivity_prediction: Rx Sensitive,ggi_class: High,pam50_class: LumB,dlda30_prediction: RD,rcb_0_i_prediction: RCB-0/I,tissue: breast cancer tumor
GSM615703,sample id: 470,source: MDACC,age_years: 58.0,er_status_ihc: P,pr_status_ihc: N,her2_status: N,clinical_t_stage: T2,clinical_nodal_status: N0,clinical_ajcc_stage: IIA,grade: 3,pathologic_response_pcr_rd: RD,pathologic_response_rcb_class: RCB-0/I,drfs_1_event_0_censored: 0,drfs_even_time_years: 5.13347022587269,type_taxane: Taxotere,esr1_status: P,erbb2_status: N,set_class: SET-Low,chemosensitivity_prediction: Rx Insensitive,ggi_class: Low,pam50_class: Normal,dlda30_prediction: RD,rcb_0_i_prediction: RCB-II/III,tissue: breast cancer tumor
GSM615704,sample id: 480,source: MDACC,age_years: 58.0,er_status_ihc: P,pr_status_ihc: P,her2_status: N,clinical_t_stage: T1,clinical_nodal_status: N1,clinical_ajcc_stage: IIA,grade: 1,pathologic_response_pcr_rd: RD,pathologic_response_rcb_class: RCB-II,drfs_1_event_0_censored: 0,drfs_even_time_years: 5.46475017111567,type_taxane: Taxotere,esr1_status: P,erbb2_status: N,set_class: SET-Low,chemosensitivity_prediction: Rx Insensitive,ggi_class: Low,pam50_class: Normal,dlda30_prediction: RD,rcb_0_i_prediction: RCB-II/III,tissue: breast cancer tumor
GSM615705,sample id: 496,source: MDACC,age_years: 40.0,er_status_ihc: P,pr_status_ihc: P,her2_status: N,clinical_t_stage: T2,clinical_nodal_status: N1,clinical_ajcc_stage: IIB,grade: 1,pathologic_response_pcr_rd: RD,pathologic_response_rcb_class: RCB-II,drfs_1_event_0_censored: 0,drfs_even_time_years: 5.28952772073922,type_taxane: Taxotere,esr1_status: P,erbb2_status: P,set_class: SET-Low,chemosensitivity_prediction: Rx Sensitive,ggi_class: Low,pam50_class: LumA,dlda30_prediction: RD,rcb_0_i_prediction: RCB-0/I,tissue: breast cancer tumor
GSM615706,sample id: 509,source: MDACC,age_years: 43.0,er_status_ihc: N,pr_status_ihc: P,her2_status: N,clinical_t_stage: T3,clinical_nodal_status: N1,clinical_ajcc_stage: IIIA,grade: 2,pathologic_response_pcr_rd: pCR,pathologic_response_rcb_class: RCB-0/I,drfs_1_event_0_censored: 0,drfs_even_time_years: 4.6570841889117,type_taxane: Taxotere,esr1_status: N,erbb2_status: N,set_class: SET-Low,chemosensitivity_prediction: Rx Sensitive,ggi_class: High,pam50_class: Basal,dlda30_prediction: pCR,rcb_0_i_prediction: RCB-0/I,tissue: breast cancer tumor
GSM615707,sample id: 544,source: MDACC,age_years: 63.0,er_status_ihc: N,pr_status_ihc: N,her2_status: N,clinical_t_stage: T2,clinical_nodal_status: N0,clinical_ajcc_stage: IIA,grade: 3,pathologic_response_pcr_rd: RD,pathologic_response_rcb_class: RCB-0/I,drfs_1_event_0_censored: 0,drfs_even_time_years: 4.79123887748118,type_taxane: Taxotere,esr1_status: P,erbb2_status: N,set_class: SET-Low,chemosensitivity_prediction: Rx Sensitive,ggi_class: High,pam50_class: Basal,dlda30_prediction: RD,rcb_0_i_prediction: RCB-0/I,tissue: breast cancer tumor
GSM615708,sample id: 551,source: MDACC,age_years: 64.0,er_status_ihc: P,pr_status_ihc: N,her2_status: N,clinical_t_stage: T2,clinical_nodal_status: N1,clinical_ajcc_stage: IIB,grade: 2,pathologic_response_pcr_rd: RD,pathologic_response_rcb_class: RCB-II,drfs_1_event_0_censored: 0,drfs_even_time_years: 4.95824777549624,type_taxane: Taxotere,esr1_status: P,erbb2_status: N,set_class: SET-Low,chemosensitivity_prediction: Rx Insensitive,ggi_class: High,pam50_class: LumB,dlda30_prediction: RD,rcb_0_i_prediction: RCB-II/III,tissue: breast cancer tumor
GSM615709,sample id: 575,source: MDACC,age_years: 27.0,er_status_ihc: P,pr_status_ihc: N,her2_status: N,clinical_t_stage: T3,clinical_nodal_status: N2,clinical_ajcc_stage: IIIA,grade: 3,pathologic_response_pcr_rd: RD,pathologic_response_rcb_class: NA,drfs_1_event_0_censored: 0,drfs_even_time_years: 4.80219028062971,type_taxane: Taxol,esr1_status: P,erbb2_status: N,set_class: SET-Low,chemosensitivity_prediction: Rx Insensitive,ggi_class: High,pam50_class: LumB,dlda30_prediction: RD,rcb_0_i_prediction: RCB-0/I,tissue: breast cancer tumor
GSM615710,sample id: 645,source: MDACC,age_years: 42.0,er_status_ihc: P,pr_status_ihc: P,her2_status: N,clinical_t_stage: T3,clinical_nodal_status: N0,clinical_ajcc_stage: IIB,grade: 2,pathologic_response_pcr_rd: RD,pathologic_response_rcb_class: RCB-0/I,drfs_1_event_0_censored: 0,drfs_even_time_years: 4.06297056810404,type_taxane: Taxotere,esr1_status: P,erbb2_status: N,set_class: SET-Low,chemosensitivity_prediction: Rx Insensitive,ggi_class: Low,pam50_class: LumA,dlda30_prediction: RD,rcb_0_i_prediction: RCB-II/III,tissue: breast cancer tumor
GSM615711,sample id: 660,source: MDACC,age_years: 34.0,er_status_ihc: P,pr_status_ihc: P,her2_status: N,clinical_t_stage: T2,clinical_nodal_status: N0,clinical_ajcc_stage: IIA,grade: 2,pathologic_response_pcr_rd: RD,pathologic_response_rcb_class: RCB-II,drfs_1_event_0_censored: 0,drfs_even_time_years: 4.1533196440794,type_taxane: Taxotere,esr1_status: P,erbb2_status: N,set_class: SET-Low,chemosensitivity_prediction: Rx Insensitive,ggi_class: Low,pam50_class: LumA,dlda30_prediction: RD,rcb_0_i_prediction: RCB-II/III,tissue: breast cancer tumor
GSM615712,sample id: 699,source: MDACC,age_years: 57.0,er_status_ihc: N,pr_status_ihc: N,her2_status: N,clinical_t_stage: T2,clinical_nodal_status: N1,clinical_ajcc_stage: IIB,grade: 3,pathologic_response_pcr_rd: RD,pathologic_response_rcb_class: RCB-III,drfs_1_event_0_censored: 1,drfs_even_time_years: 1.23750855578371,type_taxane: Taxotere,esr1_status: N,erbb2_status: N,set_class: SET-Low,chemosensitivity_prediction: Rx Insensitive,ggi_class: High,pam50_class: Basal,dlda30_prediction: pCR,rcb_0_i_prediction: RCB-0/I,tissue: breast cancer tumor
GSM615713,sample id: 748,source: MDACC,age_years: 45.0,er_status_ihc: P,pr_status_ihc: P,her2_status: N,clinical_t_stage: T1,clinical_nodal_status: N1,clinical_ajcc_stage: IIA,grade: 2,pathologic_response_pcr_rd: RD,pathologic_response_rcb_class: NA,drfs_1_event_0_censored: 1,drfs_even_time_years: 3.09103353867214,type_taxane: Taxol,esr1_status: P,erbb2_status: N,set_class: SET-Low,chemosensitivity_prediction: Rx Insensitive,ggi_class: Low,pam50_class: LumA,dlda30_prediction: RD,rcb_0_i_prediction: RCB-II/III,tissue: breast cancer tumor
GSM615714,sample id: 787,source: MDACC,age_years: 54.0,er_status_ihc: N,pr_status_ihc: N,her2_status: N,clinical_t_stage: T2,clinical_nodal_status: N1,clinical_ajcc_stage: IIB,grade: 3,pathologic_response_pcr_rd: RD,pathologic_response_rcb_class: RCB-0/I,drfs_1_event_0_censored: 0,drfs_even_time_years: 2.84736481861739,type_taxane: Taxotere,esr1_status: N,erbb2_status: N,set_class: SET-Low,chemosensitivity_prediction: Rx Insensitive,ggi_class: High,pam50_class: Basal,dlda30_prediction: pCR,rcb_0_i_prediction: RCB-0/I,tissue: breast cancer tumor
GSM615715,sample id: 798,source: MDACC,age_years: 50.0,er_status_ihc: N,pr_status_ihc: N,her2_status: N,clinical_t_stage: T2,clinical_nodal_status: N0,clinical_ajcc_stage: IIA,grade: 3,pathologic_response_pcr_rd: RD,pathologic_response_rcb_class: RCB-II,drfs_1_event_0_censored: 0,drfs_even_time_years: 2.8227241615332,type_taxane: Taxotere,esr1_status: N,erbb2_status: N,set_class: SET-Low,chemosensitivity_prediction: Rx Insensitive,ggi_class: High,pam50_class: Basal,dlda30_prediction: pCR,rcb_0_i_prediction: RCB-0/I,tissue: breast cancer tumor
GSM615716,sample id: 811,source: MDACC,age_years: 33.0,er_status_ihc: N,pr_status_ihc: N,her2_status: N,clinical_t_stage: T3,clinical_nodal_status: N2,clinical_ajcc_stage: IIIA,grade: 3,pathologic_response_pcr_rd: RD,pathologic_response_rcb_class: RCB-II,drfs_1_event_0_censored: 0,drfs_even_time_years: 2.48870636550308,type_taxane: Taxol,esr1_status: N,erbb2_status: N,set_class: SET-Low,chemosensitivity_prediction: Rx Insensitive,ggi_class: High,pam50_class: Basal,dlda30_prediction: pCR,rcb_0_i_prediction: RCB-0/I,tissue: breast cancer tumor
GSM615717,sample id: 813,source: MDACC,age_years: 45.0,er_status_ihc: P,pr_status_ihc: P,her2_status: N,clinical_t_stage: T3,clinical_nodal_status: N1,clinical_ajcc_stage: IIIA,grade: 3,pathologic_response_pcr_rd: RD,pathologic_response_rcb_class: RCB-II,drfs_1_event_0_censored: 0,drfs_even_time_years: 2.66392881587953,type_taxane: Taxol,esr1_status: P,erbb2_status: N,set_class: SET-Low,chemosensitivity_prediction: Rx Insensitive,ggi_class: Low,pam50_class: Normal,dlda30_prediction: RD,rcb_0_i_prediction: RCB-0/I,tissue: breast cancer tumor
GSM615718,sample id: 814,source: MDACC,age_years: 54.0,er_status_ihc: P,pr_status_ihc: N,her2_status: N,clinical_t_stage: T2,clinical_nodal_status: N1,clinical_ajcc_stage: IIB,grade: 2,pathologic_response_pcr_rd: RD,pathologic_response_rcb_class: RCB-0/I,drfs_1_event_0_censored: 0,drfs_even_time_years: 1.83709787816564,type_taxane: Taxol,esr1_status: P,erbb2_status: N,set_class: SET-Low,chemosensitivity_prediction: Rx Insensitive,ggi_class: Low,pam50_class: LumA,dlda30_prediction: RD,rcb_0_i_prediction: RCB-0/I,tissue: breast cancer tumor
GSM615719,sample id: 815,source: MDACC,age_years: 49.0,er_status_ihc: P,pr_status_ihc: P,her2_status: N,clinical_t_stage: T3,clinical_nodal_status: N0,clinical_ajcc_stage: IIB,grade: 1,pathologic_response_pcr_rd: RD,pathologic_response_rcb_class: RCB-II,drfs_1_event_0_censored: 0,drfs_even_time_years: 3.1047227926078,type_taxane: Taxol,esr1_status: P,erbb2_status: N,set_class: SET-Int,chemosensitivity_prediction: Rx Sensitive,ggi_class: Low,pam50_class: LumA,dlda30_prediction: RD,rcb_0_i_prediction: RCB-II/III,tissue: breast cancer tumor
GSM615720,sample id: 817,source: MDACC,age_years: 35.0,er_status_ihc: P,pr_status_ihc: P,her2_status: N,clinical_t_stage: T4,clinical_nodal_status: N1,clinical_ajcc_stage: IIIB,grade: 3,pathologic_response_pcr_rd: RD,pathologic_response_rcb_class: RCB-III,drfs_1_event_0_censored: 0,drfs_even_time_years: 2.59548254620123,type_taxane: Taxol,esr1_status: P,erbb2_status: N,set_class: SET-Low,chemosensitivity_prediction: Rx Insensitive,ggi_class: High,pam50_class: LumB,dlda30_prediction: RD,rcb_0_i_prediction: RCB-II/III,tissue: breast cancer tumor
GSM615721,sample id: 821,source: MDACC,age_years: 60.0,er_status_ihc: P,pr_status_ihc: P,her2_status: N,clinical_t_stage: T2,clinical_nodal_status: N0,clinical_ajcc_stage: IIA,grade: 2,pathologic_response_pcr_rd: RD,pathologic_response_rcb_class: RCB-III,drfs_1_event_0_censored: 0,drfs_even_time_years: 2.93497604380561,type_taxane: Taxol,esr1_status: P,erbb2_status: N,set_class: SET-Low,chemosensitivity_prediction: Rx Insensitive,ggi_class: Low,pam50_class: LumA,dlda30_prediction: RD,rcb_0_i_prediction: RCB-0/I,tissue: breast cancer tumor
GSM615722,sample id: 822,source: MDACC,age_years: 43.0,er_status_ihc: P,pr_status_ihc: P,her2_status: N,clinical_t_stage: T2,clinical_nodal_status: N1,clinical_ajcc_stage: IIB,grade: 2,pathologic_response_pcr_rd: RD,pathologic_response_rcb_class: RCB-II,drfs_1_event_0_censored: 0,drfs_even_time_years: 3.01711156741958,type_taxane: Taxol,esr1_status: P,erbb2_status: N,set_class: SET-Low,chemosensitivity_prediction: Rx Insensitive,ggi_class: Low,pam50_class: LumA,dlda30_prediction: RD,rcb_0_i_prediction: RCB-0/I,tissue: breast cancer tumor
GSM615723,sample id: 824,source: MDACC,age_years: 41.0,er_status_ihc: P,pr_status_ihc: P,her2_status: N,clinical_t_stage: T4,clinical_nodal_status: N1,clinical_ajcc_stage: IIIB,grade: 3,pathologic_response_pcr_rd: pCR,pathologic_response_rcb_class: RCB-0/I,drfs_1_event_0_censored: 0,drfs_even_time_years: 2.97330595482546,type_taxane: Taxol,esr1_status: P,erbb2_status: N,set_class: SET-Low,chemosensitivity_prediction: Rx Insensitive,ggi_class: High,pam50_class: LumB,dlda30_prediction: RD,rcb_0_i_prediction: RCB-0/I,tissue: breast cancer tumor
GSM615724,sample id: 825,source: MDACC,age_years: 59.0,er_status_ihc: P,pr_status_ihc: P,her2_status: N,clinical_t_stage: T2,clinical_nodal_status: N0,clinical_ajcc_stage: IIA,grade: 3,pathologic_response_pcr_rd: pCR,pathologic_response_rcb_class: RCB-0/I,drfs_1_event_0_censored: 0,drfs_even_time_years: 2.85284052019165,type_taxane: Taxol,esr1_status: P,erbb2_status: N,set_class: SET-Low,chemosensitivity_prediction: Rx Sensitive,ggi_class: High,pam50_class: LumA,dlda30_prediction: RD,rcb_0_i_prediction: RCB-0/I,tissue: breast cancer tumor
GSM615725,sample id: 826,source: MDACC,age_years: 33.0,er_status_ihc: P,pr_status_ihc: N,her2_status: N,clinical_t_stage: T2,clinical_nodal_status: N0,clinical_ajcc_stage: IIA,grade: 3,pathologic_response_pcr_rd: RD,pathologic_response_rcb_class: RCB-III,drfs_1_event_0_censored: 0,drfs_even_time_years: 3.03353867214237,type_taxane: Taxol,esr1_status: P,erbb2_status: N,set_class: SET-Low,chemosensitivity_prediction: Rx Insensitive,ggi_class: High,pam50_class: LumA,dlda30_prediction: RD,rcb_0_i_prediction: RCB-II/III,tissue: breast cancer tumor
GSM615726,sample id: 828,source: MDACC,age_years: 58.0,er_status_ihc: P,pr_status_ihc: P,her2_status: N,clinical_t_stage: T4,clinical_nodal_status: N2,clinical_ajcc_stage: IIIB,grade: 3,pathologic_response_pcr_rd: RD,pathologic_response_rcb_class: RCB-III,drfs_1_event_0_censored: 0,drfs_even_time_years: 2.95687885010267,type_taxane: Taxol,esr1_status: P,erbb2_status: N,set_class: SET-Low,chemosensitivity_prediction: Rx Insensitive,ggi_class: High,pam50_class: LumB,dlda30_prediction: RD,rcb_0_i_prediction: RCB-0/I,tissue: breast cancer tumor
GSM615727,sample id: 829,source: MDACC,age_years: 24.0,er_status_ihc: N,pr_status_ihc: N,her2_status: N,clinical_t_stage: T2,clinical_nodal_status: N2,clinical_ajcc_stage: IIIA,grade: 3,pathologic_response_pcr_rd: pCR,pathologic_response_rcb_class: RCB-0/I,drfs_1_event_0_censored: 0,drfs_even_time_years: 2.77891854893908,type_taxane: Taxol,esr1_status: N,erbb2_status: N,set_class: SET-Low,chemosensitivity_prediction: Rx Sensitive,ggi_class: High,pam50_class: Basal,dlda30_prediction: pCR,rcb_0_i_prediction: RCB-0/I,tissue: breast cancer tumor
GSM615728,sample id: 831,source: MDACC,age_years: 45.0,er_status_ihc: P,pr_status_ihc: N,her2_status: N,clinical_t_stage: T2,clinical_nodal_status: N3,clinical_ajcc_stage: IIB,grade: 3,pathologic_response_pcr_rd: RD,pathologic_response_rcb_class: RCB-II,drfs_1_event_0_censored: 0,drfs_even_time_years: 2.81724845995893,type_taxane: Taxol,esr1_status: N,erbb2_status: N,set_class: SET-Low,chemosensitivity_prediction: Rx Insensitive,ggi_class: High,pam50_class: Basal,dlda30_prediction: pCR,rcb_0_i_prediction: RCB-II/III,tissue: breast cancer tumor
GSM615729,sample id: 835,source: MDACC,age_years: 53.0,er_status_ihc: P,pr_status_ihc: P,her2_status: N,clinical_t_stage: T4,clinical_nodal_status: N1,clinical_ajcc_stage: IIIB,grade: 3,pathologic_response_pcr_rd: RD,pathologic_response_rcb_class: RCB-III,drfs_1_event_0_censored: 1,drfs_even_time_years: 1.94387405886379,type_taxane: Taxol,esr1_status: P,erbb2_status: N,set_class: SET-Int,chemosensitivity_prediction: Rx Sensitive,ggi_class: Low,pam50_class: LumA,dlda30_prediction: RD,rcb_0_i_prediction: RCB-II/III,tissue: breast cancer tumor
GSM615730,sample id: 837,source: MDACC,age_years: 47.0,er_status_ihc: P,pr_status_ihc: N,her2_status: N,clinical_t_stage: T4,clinical_nodal_status: N0,clinical_ajcc_stage: IIIB,grade: 3,pathologic_response_pcr_rd: RD,pathologic_response_rcb_class: RCB-II,drfs_1_event_0_censored: 1,drfs_even_time_years: 1.27310061601643,type_taxane: Taxol,esr1_status: N,erbb2_status: N,set_class: SET-Low,chemosensitivity_prediction: Rx Insensitive,ggi_class: High,pam50_class: Basal,dlda30_prediction: pCR,rcb_0_i_prediction: RCB-0/I,tissue: breast cancer tumor
GSM615731,sample id: 838,source: MDACC,age_years: 43.0,er_status_ihc: P,pr_status_ihc: P,her2_status: N,clinical_t_stage: T2,clinical_nodal_status: N0,clinical_ajcc_stage: IIA,grade: 2,pathologic_response_pcr_rd: RD,pathologic_response_rcb_class: RCB-II,drfs_1_event_0_censored: 0,drfs_even_time_years: 2.4558521560575,type_taxane: Taxol,esr1_status: P,erbb2_status: N,set_class: SET-Low,chemosensitivity_prediction: Rx Insensitive,ggi_class: High,pam50_class: LumB,dlda30_prediction: RD,rcb_0_i_prediction: RCB-II/III,tissue: breast cancer tumor
GSM615732,sample id: 839,source: MDACC,age_years: 24.0,er_status_ihc: P,pr_status_ihc: N,her2_status: N,clinical_t_stage: T3,clinical_nodal_status: N1,clinical_ajcc_stage: IIIA,grade: 3,pathologic_response_pcr_rd: RD,pathologic_response_rcb_class: RCB-II,drfs_1_event_0_censored: 1,drfs_even_time_years: 1.63175906913073,type_taxane: Taxol,esr1_status: N,erbb2_status: N,set_class: SET-Low,chemosensitivity_prediction: Rx Insensitive,ggi_class: High,pam50_class: Basal,dlda30_prediction: pCR,rcb_0_i_prediction: RCB-0/I,tissue: breast cancer tumor
GSM615733,sample id: 840,source: MDACC,age_years: 64.0,er_status_ihc: N,pr_status_ihc: N,her2_status: N,clinical_t_stage: T2,clinical_nodal_status: N0,clinical_ajcc_stage: IIA,grade: 3,pathologic_response_pcr_rd: pCR,pathologic_response_rcb_class: RCB-0/I,drfs_1_event_0_censored: 0,drfs_even_time_years: 2.18754277891855,type_taxane: Taxol,esr1_status: N,erbb2_status: N,set_class: SET-Low,chemosensitivity_prediction: Rx Insensitive,ggi_class: High,pam50_class: Basal,dlda30_prediction: pCR,rcb_0_i_prediction: RCB-0/I,tissue: breast cancer tumor
GSM615734,sample id: 842,source: MDACC,age_years: 61.0,er_status_ihc: P,pr_status_ihc: P,her2_status: N,clinical_t_stage: T2,clinical_nodal_status: N0,clinical_ajcc_stage: IIA,grade: 2,pathologic_response_pcr_rd: RD,pathologic_response_rcb_class: RCB-II,drfs_1_event_0_censored: 0,drfs_even_time_years: 2.80903490759754,type_taxane: Taxol,esr1_status: P,erbb2_status: N,set_class: SET-Low,chemosensitivity_prediction: Rx Sensitive,ggi_class: Low,pam50_class: LumA,dlda30_prediction: RD,rcb_0_i_prediction: RCB-0/I,tissue: breast cancer tumor
GSM615735,sample id: 845,source: MDACC,age_years: 51.0,er_status_ihc: P,pr_status_ihc: P,her2_status: N,clinical_t_stage: T2,clinical_nodal_status: N1,clinical_ajcc_stage: IIB,grade: 3,pathologic_response_pcr_rd: RD,pathologic_response_rcb_class: RCB-0/I,drfs_1_event_0_censored: 0,drfs_even_time_years: 2.6009582477755,type_taxane: Taxol,esr1_status: P,erbb2_status: N,set_class: SET-Low,chemosensitivity_prediction: Rx Sensitive,ggi_class: High,pam50_class: LumB,dlda30_prediction: RD,rcb_0_i_prediction: RCB-0/I,tissue: breast cancer tumor
GSM615736,sample id: 854,source: MDACC,age_years: 52.0,er_status_ihc: P,pr_status_ihc: N,her2_status: N,clinical_t_stage: T0,clinical_nodal_status: N1,clinical_ajcc_stage: IIA,grade: 3,pathologic_response_pcr_rd: pCR,pathologic_response_rcb_class: RCB-0/I,drfs_1_event_0_censored: 0,drfs_even_time_years: 2.32169746748802,type_taxane: Taxol,esr1_status: P,erbb2_status: N,set_class: SET-Low,chemosensitivity_prediction: Rx Sensitive,ggi_class: High,pam50_class: LumB,dlda30_prediction: RD,rcb_0_i_prediction: RCB-0/I,tissue: breast cancer tumor
GSM615737,sample id: 857,source: MDACC,age_years: 50.0,er_status_ihc: P,pr_status_ihc: N,her2_status: N,clinical_t_stage: T2,clinical_nodal_status: N0,clinical_ajcc_stage: IIA,grade: 3,pathologic_response_pcr_rd: pCR,pathologic_response_rcb_class: RCB-0/I,drfs_1_event_0_censored: 0,drfs_even_time_years: 2.57357973990418,type_taxane: Taxol,esr1_status: N,erbb2_status: P,set_class: SET-Low,chemosensitivity_prediction: Rx Sensitive,ggi_class: High,pam50_class: Basal,dlda30_prediction: pCR,rcb_0_i_prediction: RCB-0/I,tissue: breast cancer tumor
GSM615738,sample id: 860,source: MDACC,age_years: 61.0,er_status_ihc: P,pr_status_ihc: P,her2_status: N,clinical_t_stage: T4,clinical_nodal_status: N0,clinical_ajcc_stage: IIIB,grade: 2,pathologic_response_pcr_rd: RD,pathologic_response_rcb_class: RCB-II,drfs_1_event_0_censored: 0,drfs_even_time_years: 2.37645448323066,type_taxane: Taxol,esr1_status: P,erbb2_status: N,set_class: SET-Int,chemosensitivity_prediction: Rx Sensitive,ggi_class: Low,pam50_class: LumA,dlda30_prediction: RD,rcb_0_i_prediction: RCB-II/III,tissue: breast cancer tumor
GSM615739,sample id: 865,source: MDACC,age_years: 53.0,er_status_ihc: N,pr_status_ihc: N,her2_status: N,clinical_t_stage: T3,clinical_nodal_status: N0,clinical_ajcc_stage: IIB,grade: 3,pathologic_response_pcr_rd: RD,pathologic_response_rcb_class: RCB-II,drfs_1_event_0_censored: 1,drfs_even_time_years: 1.65092402464066,type_taxane: Taxol,esr1_status: N,erbb2_status: N,set_class: SET-Low,chemosensitivity_prediction: Rx Insensitive,ggi_class: High,pam50_class: Basal,dlda30_prediction: pCR,rcb_0_i_prediction: RCB-II/III,tissue: breast cancer tumor
GSM615740,sample id: 867,source: MDACC,age_years: 42.0,er_status_ihc: P,pr_status_ihc: P,her2_status: N,clinical_t_stage: T2,clinical_nodal_status: N0,clinical_ajcc_stage: IIA,grade: 2,pathologic_response_pcr_rd: RD,pathologic_response_rcb_class: RCB-II,drfs_1_event_0_censored: 0,drfs_even_time_years: 2.31895961670089,type_taxane: Taxol,esr1_status: P,erbb2_status: N,set_class: SET-Int,chemosensitivity_prediction: Rx Sensitive,ggi_class: Low,pam50_class: LumA,dlda30_prediction: RD,rcb_0_i_prediction: RCB-II/III,tissue: breast cancer tumor
GSM615741,sample id: 868,source: MDACC,age_years: 44.0,er_status_ihc: P,pr_status_ihc: N,her2_status: N,clinical_t_stage: T2,clinical_nodal_status: N0,clinical_ajcc_stage: IIA,grade: 3,pathologic_response_pcr_rd: RD,pathologic_response_rcb_class: RCB-0/I,drfs_1_event_0_censored: 0,drfs_even_time_years: 1.63175906913073,type_taxane: Taxol,esr1_status: N,erbb2_status: N,set_class: SET-Low,chemosensitivity_prediction: Rx Sensitive,ggi_class: High,pam50_class: Basal,dlda30_prediction: pCR,rcb_0_i_prediction: RCB-0/I,tissue: breast cancer tumor
GSM615742,sample id: 879,source: MDACC,age_years: 38.0,er_status_ihc: N,pr_status_ihc: N,her2_status: N,clinical_t_stage: T2,clinical_nodal_status: N3,clinical_ajcc_stage: IIIC,grade: 3,pathologic_response_pcr_rd: pCR,pathologic_response_rcb_class: RCB-0/I,drfs_1_event_0_censored: 0,drfs_even_time_years: 2.08624229979466,type_taxane: Taxol,esr1_status: N,erbb2_status: N,set_class: SET-Low,chemosensitivity_prediction: Rx Insensitive,ggi_class: High,pam50_class: Basal,dlda30_prediction: pCR,rcb_0_i_prediction: RCB-0/I,tissue: breast cancer tumor
GSM615743,sample id: 880,source: MDACC,age_years: 43.4,er_status_ihc: P,pr_status_ihc: P,her2_status: N,clinical_t_stage: T2,clinical_nodal_status: N2,clinical_ajcc_stage: IIA,grade: 2,pathologic_response_pcr_rd: RD,pathologic_response_rcb_class: RCB-II,drfs_1_event_0_censored: 0,drfs_even_time_years: 2.10540725530459,type_taxane: Taxotere,esr1_status: P,erbb2_status: P,set_class: SET-Low,chemosensitivity_prediction: Rx Insensitive,ggi_class: Low,pam50_class: LumA,dlda30_prediction: RD,rcb_0_i_prediction: RCB-0/I,tissue: breast cancer tumor
GSM615744,sample id: 881,source: MDACC,age_years: 48.0,er_status_ihc: N,pr_status_ihc: N,her2_status: N,clinical_t_stage: T2,clinical_nodal_status: N0,clinical_ajcc_stage: IIA,grade: 3,pathologic_response_pcr_rd: pCR,pathologic_response_rcb_class: RCB-0/I,drfs_1_event_0_censored: 0,drfs_even_time_years: 1.78507871321013,type_taxane: Taxotere,esr1_status: N,erbb2_status: N,set_class: SET-Low,chemosensitivity_prediction: Rx Sensitive,ggi_class: Low,pam50_class: Normal,dlda30_prediction: RD,rcb_0_i_prediction: RCB-0/I,tissue: breast cancer tumor
GSM615745,sample id: 883,source: MDACC,age_years: 46.0,er_status_ihc: P,pr_status_ihc: P,her2_status: N,clinical_t_stage: T1,clinical_nodal_status: N0,clinical_ajcc_stage: I,grade: 2,pathologic_response_pcr_rd: RD,pathologic_response_rcb_class: RCB-II,drfs_1_event_0_censored: 0,drfs_even_time_years: 1.94934976043806,type_taxane: Taxotere,esr1_status: P,erbb2_status: N,set_class: SET-Low,chemosensitivity_prediction: Rx Insensitive,ggi_class: Low,pam50_class: LumA,dlda30_prediction: RD,rcb_0_i_prediction: RCB-0/I,tissue: breast cancer tumor
GSM615746,sample id: 885,source: MDACC,age_years: 56.0,er_status_ihc: N,pr_status_ihc: N,her2_status: N,clinical_t_stage: T2,clinical_nodal_status: N3,clinical_ajcc_stage: IIIC,grade: 2,pathologic_response_pcr_rd: RD,pathologic_response_rcb_class: RCB-III,drfs_1_event_0_censored: 1,drfs_even_time_years: 1.19917864476386,type_taxane: Taxol,esr1_status: N,erbb2_status: P,set_class: SET-Low,chemosensitivity_prediction: Rx Insensitive,ggi_class: High,pam50_class: Normal,dlda30_prediction: pCR,rcb_0_i_prediction: RCB-II/III,tissue: breast cancer tumor
GSM615747,sample id: 886,source: MDACC,age_years: 42.0,er_status_ihc: P,pr_status_ihc: P,her2_status: N,clinical_t_stage: T2,clinical_nodal_status: N0,clinical_ajcc_stage: IIA,grade: 2,pathologic_response_pcr_rd: RD,pathologic_response_rcb_class: RCB-II,drfs_1_event_0_censored: 0,drfs_even_time_years: 2.04791238877481,type_taxane: Taxol,esr1_status: P,erbb2_status: N,set_class: SET-High,chemosensitivity_prediction: Rx Sensitive,ggi_class: Low,pam50_class: LumA,dlda30_prediction: RD,rcb_0_i_prediction: RCB-II/III,tissue: breast cancer tumor
GSM615748,sample id: 892,source: MDACC,age_years: 60.0,er_status_ihc: P,pr_status_ihc: N,her2_status: N,clinical_t_stage: T2,clinical_nodal_status: N0,clinical_ajcc_stage: IIA,grade: 3,pathologic_response_pcr_rd: pCR,pathologic_response_rcb_class: RCB-0/I,drfs_1_event_0_censored: 0,drfs_even_time_years: 1.82067077344285,type_taxane: Taxol,esr1_status: N,erbb2_status: N,set_class: SET-Low,chemosensitivity_prediction: Rx Insensitive,ggi_class: High,pam50_class: Basal,dlda30_prediction: pCR,rcb_0_i_prediction: RCB-II/III,tissue: breast cancer tumor
GSM615749,sample id: 893,source: MDACC,age_years: 47.0,er_status_ihc: P,pr_status_ihc: P,her2_status: N,clinical_t_stage: T1,clinical_nodal_status: N1,clinical_ajcc_stage: IIA,grade: 3,pathologic_response_pcr_rd: RD,pathologic_response_rcb_class: NA,drfs_1_event_0_censored: 0,drfs_even_time_years: 1.70841889117043,type_taxane: Taxotere,esr1_status: P,erbb2_status: N,set_class: SET-Low,chemosensitivity_prediction: Rx Sensitive,ggi_class: High,pam50_class: LumB,dlda30_prediction: RD,rcb_0_i_prediction: RCB-0/I,tissue: breast cancer tumor
GSM615750,sample id: 896,source: MDACC,age_years: 27.0,er_status_ihc: P,pr_status_ihc: P,her2_status: N,clinical_t_stage: T3,clinical_nodal_status: N1,clinical_ajcc_stage: IIIA,grade: 3,pathologic_response_pcr_rd: RD,pathologic_response_rcb_class: RCB-II,drfs_1_event_0_censored: 0,drfs_even_time_years: 1.68925393566051,type_taxane: Taxotere,esr1_status: P,erbb2_status: P,set_class: SET-Low,chemosensitivity_prediction: Rx Sensitive,ggi_class: Low,pam50_class: LumA,dlda30_prediction: RD,rcb_0_i_prediction: RCB-0/I,tissue: breast cancer tumor
GSM615751,sample id: 901,source: MDACC,age_years: 38.0,er_status_ihc: N,pr_status_ihc: N,her2_status: N,clinical_t_stage: T2,clinical_nodal_status: N1,clinical_ajcc_stage: IIB,grade: 3,pathologic_response_pcr_rd: RD,pathologic_response_rcb_class: RCB-II,drfs_1_event_0_censored: 0,drfs_even_time_years: 1.73853524982888,type_taxane: Taxol,esr1_status: P,erbb2_status: N,set_class: SET-Low,chemosensitivity_prediction: Rx Insensitive,ggi_class: Low,pam50_class: LumA,dlda30_prediction: RD,rcb_0_i_prediction: RCB-0/I,tissue: breast cancer tumor
GSM615752,sample id: 905,source: MDACC,age_years: 64.0,er_status_ihc: P,pr_status_ihc: P,her2_status: N,clinical_t_stage: T2,clinical_nodal_status: N0,clinical_ajcc_stage: IIA,grade: 2,pathologic_response_pcr_rd: RD,pathologic_response_rcb_class: RCB-II,drfs_1_event_0_censored: 0,drfs_even_time_years: 1.34702258726899,type_taxane: Taxol,esr1_status: P,erbb2_status: N,set_class: SET-Int,chemosensitivity_prediction: Rx Sensitive,ggi_class: Low,pam50_class: LumA,dlda30_prediction: RD,rcb_0_i_prediction: RCB-II/III,tissue: breast cancer tumor
GSM615753,sample id: 910,source: MDACC,age_years: 46.0,er_status_ihc: P,pr_status_ihc: P,her2_status: N,clinical_t_stage: T4,clinical_nodal_status: N3,clinical_ajcc_stage: IIIC,grade: 3,pathologic_response_pcr_rd: RD,pathologic_response_rcb_class: RCB-III,drfs_1_event_0_censored: 0,drfs_even_time_years: 1.44010951403149,type_taxane: Taxol,esr1_status: P,erbb2_status: N,set_class: SET-Low,chemosensitivity_prediction: Rx Insensitive,ggi_class: High,pam50_class: Her2,dlda30_prediction: RD,rcb_0_i_prediction: RCB-0/I,tissue: breast cancer tumor
GSM615754,sample id: 913,source: MDACC,age_years: 59.0,er_status_ihc: P,pr_status_ihc: N,her2_status: N,clinical_t_stage: T2,clinical_nodal_status: N3,clinical_ajcc_stage: IIIC,grade: 3,pathologic_response_pcr_rd: RD,pathologic_response_rcb_class: RCB-II,drfs_1_event_0_censored: 0,drfs_even_time_years: 1.53045859000684,type_taxane: Taxol,esr1_status: N,erbb2_status: N,set_class: SET-Low,chemosensitivity_prediction: Rx Insensitive,ggi_class: High,pam50_class: Her2,dlda30_prediction: pCR,rcb_0_i_prediction: RCB-II/III,tissue: breast cancer tumor
GSM615755,sample id: 916,source: MDACC,age_years: 31.0,er_status_ihc: P,pr_status_ihc: P,her2_status: N,clinical_t_stage: T3,clinical_nodal_status: N2,clinical_ajcc_stage: IIIA,grade: 3,pathologic_response_pcr_rd: RD,pathologic_response_rcb_class: NA,drfs_1_event_0_censored: 0,drfs_even_time_years: 0.980150581793292,type_taxane: Taxol,esr1_status: P,erbb2_status: N,set_class: SET-Low,chemosensitivity_prediction: Rx Insensitive,ggi_class: High,pam50_class: Basal,dlda30_prediction: RD,rcb_0_i_prediction: RCB-II/III,tissue: breast cancer tumor
GSM615756,sample id: MDA002,source: MDACC,age_years: 53.1,er_status_ihc: P,pr_status_ihc: P,her2_status: N,clinical_t_stage: T2,clinical_nodal_status: N2,clinical_ajcc_stage: IIIA,grade: 1,pathologic_response_pcr_rd: NA,pathologic_response_rcb_class: NA,drfs_1_event_0_censored: 0,drfs_even_time_years: 3.4031485284052,type_taxane: Taxol,esr1_status: P,erbb2_status: N,set_class: SET-Int,chemosensitivity_prediction: Rx Sensitive,ggi_class: Low,pam50_class: LumA,dlda30_prediction: RD,rcb_0_i_prediction: RCB-II/III,tissue: breast cancer tumor
GSM615757,sample id: MDA003,source: MDACC,age_years: 62.6,er_status_ihc: N,pr_status_ihc: N,her2_status: N,clinical_t_stage: T1,clinical_nodal_status: N0,clinical_ajcc_stage: I,grade: 2,pathologic_response_pcr_rd: NA,pathologic_response_rcb_class: NA,drfs_1_event_0_censored: 1,drfs_even_time_years: 0.763860369609856,type_taxane: Taxotere,esr1_status: N,erbb2_status: N,set_class: SET-Low,chemosensitivity_prediction: Rx Insensitive,ggi_class: High,pam50_class: Basal,dlda30_prediction: pCR,rcb_0_i_prediction: RCB-II/III,tissue: breast cancer tumor
GSM615758,sample id: MDA005,source: MDACC,age_years: 49.1,er_status_ihc: P,pr_status_ihc: P,her2_status: N,clinical_t_stage: T1,clinical_nodal_status: N1,clinical_ajcc_stage: IIA,grade: 2,pathologic_response_pcr_rd: NA,pathologic_response_rcb_class: NA,drfs_1_event_0_censored: 1,drfs_even_time_years: 4.17248459958932,type_taxane: Taxotere,esr1_status: P,erbb2_status: N,set_class: SET-Low,chemosensitivity_prediction: Rx Insensitive,ggi_class: Low,pam50_class: LumA,dlda30_prediction: RD,rcb_0_i_prediction: RCB-II/III,tissue: breast cancer tumor
GSM615759,sample id: MDA006,source: MDACC,age_years: 66.7,er_status_ihc: P,pr_status_ihc: P,her2_status: N,clinical_t_stage: T2,clinical_nodal_status: N1,clinical_ajcc_stage: IIB,grade: 2,pathologic_response_pcr_rd: NA,pathologic_response_rcb_class: NA,drfs_1_event_0_censored: 0,drfs_even_time_years: 3.93702943189596,type_taxane: Taxol,esr1_status: P,erbb2_status: N,set_class: SET-Int,chemosensitivity_prediction: Rx Sensitive,ggi_class: Low,pam50_class: LumA,dlda30_prediction: RD,rcb_0_i_prediction: RCB-II/III,tissue: breast cancer tumor
GSM615760,sample id: MDA007,source: MDACC,age_years: 67.4,er_status_ihc: P,pr_status_ihc: N,her2_status: N,clinical_t_stage: T2,clinical_nodal_status: N2,clinical_ajcc_stage: IIIA,grade: 2,pathologic_response_pcr_rd: NA,pathologic_response_rcb_class: NA,drfs_1_event_0_censored: 0,drfs_even_time_years: 3.81382614647502,type_taxane: Taxol,esr1_status: P,erbb2_status: N,set_class: SET-Low,chemosensitivity_prediction: Rx Sensitive,ggi_class: Low,pam50_class: LumB,dlda30_prediction: RD,rcb_0_i_prediction: RCB-0/I,tissue: breast cancer tumor
GSM615761,sample id: MDA008,source: MDACC,age_years: 60.9,er_status_ihc: P,pr_status_ihc: N,her2_status: N,clinical_t_stage: T3,clinical_nodal_status: N1,clinical_ajcc_stage: IIIA,grade: 1,pathologic_response_pcr_rd: NA,pathologic_response_rcb_class: NA,drfs_1_event_0_censored: 0,drfs_even_time_years: 5.01574264202601,type_taxane: Taxol,esr1_status: P,erbb2_status: N,set_class: SET-Low,chemosensitivity_prediction: Rx Sensitive,ggi_class: Low,pam50_class: LumA,dlda30_prediction: RD,rcb_0_i_prediction: RCB-0/I,tissue: breast cancer tumor
GSM615762,sample id: MDA009,source: MDACC,age_years: 32.8,er_status_ihc: N,pr_status_ihc: N,her2_status: N,clinical_t_stage: T3,clinical_nodal_status: N1,clinical_ajcc_stage: IIIA,grade: 3,pathologic_response_pcr_rd: NA,pathologic_response_rcb_class: NA,drfs_1_event_0_censored: 0,drfs_even_time_years: 3.18685831622177,type_taxane: Taxol,esr1_status: N,erbb2_status: N,set_class: SET-Low,chemosensitivity_prediction: Rx Sensitive,ggi_class: High,pam50_class: Her2,dlda30_prediction: pCR,rcb_0_i_prediction: RCB-0/I,tissue: breast cancer tumor
GSM615763,sample id: MDA010,source: MDACC,age_years: 45.2,er_status_ihc: N,pr_status_ihc: N,her2_status: N,clinical_t_stage: T2,clinical_nodal_status: N0,clinical_ajcc_stage: IIA,grade: 3,pathologic_response_pcr_rd: NA,pathologic_response_rcb_class: NA,drfs_1_event_0_censored: 0,drfs_even_time_years: 6.08624229979466,type_taxane: Taxol,esr1_status: N,erbb2_status: N,set_class: SET-Low,chemosensitivity_prediction: Rx Insensitive,ggi_class: High,pam50_class: Basal,dlda30_prediction: pCR,rcb_0_i_prediction: RCB-0/I,tissue: breast cancer tumor
GSM615764,sample id: MDA011,source: MDACC,age_years: 61.8,er_status_ihc: N,pr_status_ihc: N,her2_status: N,clinical_t_stage: T2,clinical_nodal_status: N0,clinical_ajcc_stage: IIA,grade: 3,pathologic_response_pcr_rd: NA,pathologic_response_rcb_class: NA,drfs_1_event_0_censored: 0,drfs_even_time_years: 5.59342915811088,type_taxane: Taxol,esr1_status: N,erbb2_status: N,set_class: SET-Low,chemosensitivity_prediction: Rx Insensitive,ggi_class: High,pam50_class: Basal,dlda30_prediction: pCR,rcb_0_i_prediction: RCB-0/I,tissue: breast cancer tumor
GSM615765,sample id: MDA012,source: MDACC,age_years: 44.0,er_status_ihc: P,pr_status_ihc: P,her2_status: N,clinical_t_stage: T3,clinical_nodal_status: N1,clinical_ajcc_stage: IIIA,grade: 1,pathologic_response_pcr_rd: NA,pathologic_response_rcb_class: NA,drfs_1_event_0_censored: 0,drfs_even_time_years: 4.58042436687201,type_taxane: Taxol,esr1_status: N,erbb2_status: N,set_class: SET-High,chemosensitivity_prediction: Rx Sensitive,ggi_class: Low,pam50_class: Normal,dlda30_prediction: RD,rcb_0_i_prediction: RCB-II/III,tissue: breast cancer tumor
GSM615766,sample id: MDA013,source: MDACC,age_years: 61.2,er_status_ihc: N,pr_status_ihc: N,her2_status: N,clinical_t_stage: T2,clinical_nodal_status: N1,clinical_ajcc_stage: IIB,grade: 3,pathologic_response_pcr_rd: NA,pathologic_response_rcb_class: NA,drfs_1_event_0_censored: 0,drfs_even_time_years: 5.06502395619439,type_taxane: Taxol,esr1_status: P,erbb2_status: N,set_class: SET-Low,chemosensitivity_prediction: Rx Insensitive,ggi_class: Low,pam50_class: Normal,dlda30_prediction: RD,rcb_0_i_prediction: RCB-II/III,tissue: breast cancer tumor
GSM615767,sample id: MDA014,source: MDACC,age_years: 31.9,er_status_ihc: P,pr_status_ihc: N,her2_status: N,clinical_t_stage: T1,clinical_nodal_status: N1,clinical_ajcc_stage: IIA,grade: 2,pathologic_response_pcr_rd: NA,pathologic_response_rcb_class: NA,drfs_1_event_0_censored: 0,drfs_even_time_years: 4.56125941136208,type_taxane: Taxol,esr1_status: N,erbb2_status: N,set_class: SET-Low,chemosensitivity_prediction: Rx Sensitive,ggi_class: Low,pam50_class: Normal,dlda30_prediction: RD,rcb_0_i_prediction: RCB-0/I,tissue: breast cancer tumor
GSM615768,sample id: MDA015,source: MDACC,age_years: 57.5,er_status_ihc: P,pr_status_ihc: P,her2_status: N,clinical_t_stage: T1,clinical_nodal_status: N1,clinical_ajcc_stage: IIA,grade: 2,pathologic_response_pcr_rd: NA,pathologic_response_rcb_class: NA,drfs_1_event_0_censored: 0,drfs_even_time_years: 5.1772758384668,type_taxane: Taxol,esr1_status: P,erbb2_status: N,set_class: SET-Int,chemosensitivity_prediction: Rx Sensitive,ggi_class: Low,pam50_class: LumA,dlda30_prediction: RD,rcb_0_i_prediction: RCB-II/III,tissue: breast cancer tumor
GSM615769,sample id: MDA016,source: MDACC,age_years: 43.0,er_status_ihc: N,pr_status_ihc: N,her2_status: N,clinical_t_stage: T2,clinical_nodal_status: N1,clinical_ajcc_stage: IIB,grade: 3,pathologic_response_pcr_rd: NA,pathologic_response_rcb_class: NA,drfs_1_event_0_censored: 1,drfs_even_time_years: 1.70294318959617,type_taxane: Taxol,esr1_status: N,erbb2_status: N,set_class: SET-Low,chemosensitivity_prediction: Rx Insensitive,ggi_class: High,pam50_class: Basal,dlda30_prediction: pCR,rcb_0_i_prediction: RCB-0/I,tissue: breast cancer tumor
GSM615770,sample id: MDA018,source: MDACC,age_years: 48.7,er_status_ihc: P,pr_status_ihc: P,her2_status: N,clinical_t_stage: T2,clinical_nodal_status: N3,clinical_ajcc_stage: IIIC,grade: 2,pathologic_response_pcr_rd: NA,pathologic_response_rcb_class: NA,drfs_1_event_0_censored: 0,drfs_even_time_years: 1.69472963723477,type_taxane: Taxol,esr1_status: P,erbb2_status: N,set_class: SET-Low,chemosensitivity_prediction: Rx Sensitive,ggi_class: Low,pam50_class: LumA,dlda30_prediction: RD,rcb_0_i_prediction: RCB-0/I,tissue: breast cancer tumor
GSM615771,sample id: LBJ016,source: LBJ/IN/GEI,age_years: 39.0,er_status_ihc: N,pr_status_ihc: N,her2_status: N,clinical_t_stage: T3,clinical_nodal_status: N2,clinical_ajcc_stage: IIIA,grade: 3,pathologic_response_pcr_rd: RD,pathologic_response_rcb_class: RCB-II,drfs_1_event_0_censored: 1,drfs_even_time_years: 3.92607802874743,type_taxane: Taxol,esr1_status: N,erbb2_status: N,set_class: SET-Low,chemosensitivity_prediction: Rx Insensitive,ggi_class: High,pam50_class: Her2,dlda30_prediction: pCR,rcb_0_i_prediction: RCB-II/III,tissue: breast cancer tumor
GSM615772,sample id: LBJ032,source: LBJ/IN/GEI,age_years: 53.0,er_status_ihc: P,pr_status_ihc: P,her2_status: N,clinical_t_stage: T3,clinical_nodal_status: N1,clinical_ajcc_stage: IIIA,grade: 3,pathologic_response_pcr_rd: RD,pathologic_response_rcb_class: RCB-II,drfs_1_event_0_censored: 0,drfs_even_time_years: 4.81587953456537,type_taxane: Taxotere,esr1_status: P,erbb2_status: P,set_class: SET-Low,chemosensitivity_prediction: Rx Insensitive,ggi_class: Low,pam50_class: LumA,dlda30_prediction: RD,rcb_0_i_prediction: RCB-II/III,tissue: breast cancer tumor
GSM615773,sample id: LBJ038,source: LBJ/IN/GEI,age_years: 58.0,er_status_ihc: N,pr_status_ihc: N,her2_status: N,clinical_t_stage: T2,clinical_nodal_status: N1,clinical_ajcc_stage: IIB,grade: 2,pathologic_response_pcr_rd: pCR,pathologic_response_rcb_class: RCB-0/I,drfs_1_event_0_censored: 0,drfs_even_time_years: 4.94455852156057,type_taxane: Taxol,esr1_status: N,erbb2_status: N,set_class: SET-Low,chemosensitivity_prediction: Rx Insensitive,ggi_class: High,pam50_class: Basal,dlda30_prediction: pCR,rcb_0_i_prediction: RCB-II/III,tissue: breast cancer tumor
GSM615774,sample id: LBJ046,source: LBJ/IN/GEI,age_years: 59.0,er_status_ihc: P,pr_status_ihc: N,her2_status: N,clinical_t_stage: T4,clinical_nodal_status: N2,clinical_ajcc_stage: IIIB,grade: 2,pathologic_response_pcr_rd: RD,pathologic_response_rcb_class: RCB-III,drfs_1_event_0_censored: 1,drfs_even_time_years: 0.492813141683778,type_taxane: Taxol,esr1_status: N,erbb2_status: P,set_class: SET-Low,chemosensitivity_prediction: Rx Insensitive,ggi_class: High,pam50_class: Her2,dlda30_prediction: pCR,rcb_0_i_prediction: RCB-II/III,tissue: breast cancer tumor
GSM615775,sample id: LBJ047,source: LBJ/IN/GEI,age_years: 46.0,er_status_ihc: P,pr_status_ihc: P,her2_status: N,clinical_t_stage: T2,clinical_nodal_status: N0,clinical_ajcc_stage: IIA,grade: 3,pathologic_response_pcr_rd: pCR,pathologic_response_rcb_class: RCB-0/I,drfs_1_event_0_censored: 0,drfs_even_time_years: 5.02121834360027,type_taxane: Taxol,esr1_status: P,erbb2_status: P,set_class: SET-Low,chemosensitivity_prediction: Rx Insensitive,ggi_class: High,pam50_class: Her2,dlda30_prediction: RD,rcb_0_i_prediction: RCB-II/III,tissue: breast cancer tumor
GSM615776,sample id: LBJ053,source: LBJ/IN/GEI,age_years: 45.0,er_status_ihc: N,pr_status_ihc: N,her2_status: N,clinical_t_stage: T3,clinical_nodal_status: N2,clinical_ajcc_stage: IIIA,grade: 3,pathologic_response_pcr_rd: RD,pathologic_response_rcb_class: RCB-II,drfs_1_event_0_censored: 1,drfs_even_time_years: 1.05407255304586,type_taxane: Taxotere,esr1_status: N,erbb2_status: N,set_class: SET-Low,chemosensitivity_prediction: Rx Insensitive,ggi_class: High,pam50_class: Basal,dlda30_prediction: pCR,rcb_0_i_prediction: RCB-II/III,tissue: breast cancer tumor
GSM615777,sample id: LBJ054,source: LBJ/IN/GEI,age_years: 35.0,er_status_ihc: P,pr_status_ihc: P,her2_status: N,clinical_t_stage: T1,clinical_nodal_status: N1,clinical_ajcc_stage: IIA,grade: 2,pathologic_response_pcr_rd: RD,pathologic_response_rcb_class: RCB-II,drfs_1_event_0_censored: 0,drfs_even_time_years: 4.02464065708419,type_taxane: Taxol,esr1_status: P,erbb2_status: N,set_class: SET-Low,chemosensitivity_prediction: Rx Insensitive,ggi_class: Low,pam50_class: LumA,dlda30_prediction: RD,rcb_0_i_prediction: RCB-II/III,tissue: breast cancer tumor
GSM615778,sample id: LBJ070,source: LBJ/IN/GEI,age_years: 38.0,er_status_ihc: P,pr_status_ihc: P,her2_status: N,clinical_t_stage: T3,clinical_nodal_status: N0,clinical_ajcc_stage: IIB,grade: 3,pathologic_response_pcr_rd: RD,pathologic_response_rcb_class: RCB-II,drfs_1_event_0_censored: 0,drfs_even_time_years: 4.02190280629706,type_taxane: Taxol,esr1_status: P,erbb2_status: N,set_class: SET-Low,chemosensitivity_prediction: Rx Sensitive,ggi_class: High,pam50_class: Her2,dlda30_prediction: RD,rcb_0_i_prediction: RCB-0/I,tissue: breast cancer tumor
GSM615779,sample id: LBJ071,source: LBJ/IN/GEI,age_years: 56.0,er_status_ihc: P,pr_status_ihc: P,her2_status: N,clinical_t_stage: T2,clinical_nodal_status: N0,clinical_ajcc_stage: IIA,grade: 2,pathologic_response_pcr_rd: pCR,pathologic_response_rcb_class: RCB-0/I,drfs_1_event_0_censored: 0,drfs_even_time_years: 4.00273785078713,type_taxane: Taxol,esr1_status: N,erbb2_status: N,set_class: SET-Low,chemosensitivity_prediction: Rx Insensitive,ggi_class: High,pam50_class: Normal,dlda30_prediction: RD,rcb_0_i_prediction: RCB-II/III,tissue: breast cancer tumor
GSM615780,sample id: LBJ082,source: LBJ/IN/GEI,age_years: 39.0,er_status_ihc: N,pr_status_ihc: N,her2_status: N,clinical_t_stage: T3,clinical_nodal_status: N1,clinical_ajcc_stage: IIIA,grade: 3,pathologic_response_pcr_rd: pCR,pathologic_response_rcb_class: RCB-0/I,drfs_1_event_0_censored: 0,drfs_even_time_years: 3.36755646817248,type_taxane: Taxol,esr1_status: N,erbb2_status: N,set_class: SET-Low,chemosensitivity_prediction: Rx Insensitive,ggi_class: Low,pam50_class: Normal,dlda30_prediction: RD,rcb_0_i_prediction: RCB-II/III,tissue: breast cancer tumor
GSM615781,sample id: LBJ103,source: LBJ/IN/GEI,age_years: 63.0,er_status_ihc: P,pr_status_ihc: P,her2_status: N,clinical_t_stage: T3,clinical_nodal_status: N0,clinical_ajcc_stage: IIB,grade: 2,pathologic_response_pcr_rd: RD,pathologic_response_rcb_class: RCB-II,drfs_1_event_0_censored: 0,drfs_even_time_years: 3.08555783709788,type_taxane: Taxol,esr1_status: P,erbb2_status: N,set_class: SET-Low,chemosensitivity_prediction: Rx Insensitive,ggi_class: High,pam50_class: LumB,dlda30_prediction: RD,rcb_0_i_prediction: RCB-II/III,tissue: breast cancer tumor
GSM615782,sample id: LBJ105,source: LBJ/IN/GEI,age_years: 59.0,er_status_ihc: P,pr_status_ihc: N,her2_status: N,clinical_t_stage: T3,clinical_nodal_status: N2,clinical_ajcc_stage: IIIA,grade: 3,pathologic_response_pcr_rd: pCR,pathologic_response_rcb_class: RCB-0/I,drfs_1_event_0_censored: 0,drfs_even_time_years: 1.87268993839836,type_taxane: Taxol,esr1_status: N,erbb2_status: N,set_class: SET-Low,chemosensitivity_prediction: Rx Insensitive,ggi_class: Low,pam50_class: Normal,dlda30_prediction: RD,rcb_0_i_prediction: RCB-II/III,tissue: breast cancer tumor
GSM615783,sample id: LBJ131,source: LBJ/IN/GEI,age_years: 47.0,er_status_ihc: P,pr_status_ihc: N,her2_status: N,clinical_t_stage: T4,clinical_nodal_status: N0,clinical_ajcc_stage: IIIA,grade: 2,pathologic_response_pcr_rd: RD,pathologic_response_rcb_class: NA,drfs_1_event_0_censored: 0,drfs_even_time_years: 1.95482546201232,type_taxane: Taxol,esr1_status: P,erbb2_status: N,set_class: SET-Low,chemosensitivity_prediction: Rx Insensitive,ggi_class: High,pam50_class: Normal,dlda30_prediction: RD,rcb_0_i_prediction: RCB-II/III,tissue: breast cancer tumor
GSM615784,sample id: LBJ143,source: LBJ/IN/GEI,age_years: 63.0,er_status_ihc: N,pr_status_ihc: N,her2_status: N,clinical_t_stage: T2,clinical_nodal_status: N1,clinical_ajcc_stage: IIB,grade: 3,pathologic_response_pcr_rd: RD,pathologic_response_rcb_class: RCB-II,drfs_1_event_0_censored: 0,drfs_even_time_years: 1.7741273100616,type_taxane: Taxol,esr1_status: P,erbb2_status: N,set_class: SET-Low,chemosensitivity_prediction: Rx Insensitive,ggi_class: Low,pam50_class: Normal,dlda30_prediction: RD,rcb_0_i_prediction: RCB-II/III,tissue: breast cancer tumor
GSM615785,sample id: LBJ158,source: LBJ/IN/GEI,age_years: 51.0,er_status_ihc: N,pr_status_ihc: N,her2_status: N,clinical_t_stage: T4,clinical_nodal_status: N2,clinical_ajcc_stage: IIIB,grade: 2,pathologic_response_pcr_rd: RD,pathologic_response_rcb_class: RCB-III,drfs_1_event_0_censored: 1,drfs_even_time_years: 0.783025325119781,type_taxane: Taxol,esr1_status: N,erbb2_status: P,set_class: SET-Low,chemosensitivity_prediction: Rx Insensitive,ggi_class: High,pam50_class: Her2,dlda30_prediction: RD,rcb_0_i_prediction: RCB-II/III,tissue: breast cancer tumor
GSM615786,sample id: LBJ170,source: LBJ/IN/GEI,age_years: 55.0,er_status_ihc: P,pr_status_ihc: P,her2_status: N,clinical_t_stage: T4,clinical_nodal_status: N1,clinical_ajcc_stage: IIIB,grade: 3,pathologic_response_pcr_rd: RD,pathologic_response_rcb_class: RCB-0/I,drfs_1_event_0_censored: 0,drfs_even_time_years: 1.60438056125941,type_taxane: Taxol,esr1_status: N,erbb2_status: N,set_class: SET-Low,chemosensitivity_prediction: Rx Insensitive,ggi_class: High,pam50_class: Basal,dlda30_prediction: pCR,rcb_0_i_prediction: RCB-0/I,tissue: breast cancer tumor
GSM615787,sample id: LBJ171,source: LBJ/IN/GEI,age_years: 46.0,er_status_ihc: N,pr_status_ihc: N,her2_status: N,clinical_t_stage: T3,clinical_nodal_status: N1,clinical_ajcc_stage: IIIA,grade: 3,pathologic_response_pcr_rd: RD,pathologic_response_rcb_class: RCB-III,drfs_1_event_0_censored: 1,drfs_even_time_years: 0.722792607802875,type_taxane: Taxol,esr1_status: N,erbb2_status: N,set_class: SET-Low,chemosensitivity_prediction: Rx Insensitive,ggi_class: High,pam50_class: Basal,dlda30_prediction: pCR,rcb_0_i_prediction: RCB-0/I,tissue: breast cancer tumor
GSM615788,sample id: PERU02,source: LBJ/IN/GEI,age_years: 71.0,er_status_ihc: P,pr_status_ihc: P,her2_status: N,clinical_t_stage: T4,clinical_nodal_status: N1,clinical_ajcc_stage: IIIA,grade: 3,pathologic_response_pcr_rd: RD,pathologic_response_rcb_class: RCB-II,drfs_1_event_0_censored: 0,drfs_even_time_years: 4.17796030116359,type_taxane: Taxol,esr1_status: P,erbb2_status: N,set_class: SET-Low,chemosensitivity_prediction: Rx Insensitive,ggi_class: High,pam50_class: LumB,dlda30_prediction: RD,rcb_0_i_prediction: RCB-0/I,tissue: breast cancer tumor
GSM615789,sample id: PERU05,source: LBJ/IN/GEI,age_years: 38.0,er_status_ihc: P,pr_status_ihc: P,her2_status: N,clinical_t_stage: T2,clinical_nodal_status: N1,clinical_ajcc_stage: IIB,grade: 2,pathologic_response_pcr_rd: RD,pathologic_response_rcb_class: RCB-II,drfs_1_event_0_censored: 0,drfs_even_time_years: 4.75290896646133,type_taxane: Taxol,esr1_status: P,erbb2_status: N,set_class: SET-Low,chemosensitivity_prediction: Rx Insensitive,ggi_class: High,pam50_class: LumB,dlda30_prediction: RD,rcb_0_i_prediction: RCB-0/I,tissue: breast cancer tumor
GSM615790,sample id: PERU06,source: LBJ/IN/GEI,age_years: 72.0,er_status_ihc: P,pr_status_ihc: P,her2_status: N,clinical_t_stage: T3,clinical_nodal_status: N1,clinical_ajcc_stage: IIIB,grade: NA,pathologic_response_pcr_rd: NA,pathologic_response_rcb_class: NA,drfs_1_event_0_censored: 0,drfs_even_time_years: 0.511978097193703,type_taxane: Taxol,esr1_status: P,erbb2_status: N,set_class: SET-Low,chemosensitivity_prediction: Rx Insensitive,ggi_class: High,pam50_class: LumB,dlda30_prediction: RD,rcb_0_i_prediction: RCB-II/III,tissue: breast cancer tumor
GSM615791,sample id: PERU16-18,source: LBJ/IN/GEI,age_years: 46.0,er_status_ihc: P,pr_status_ihc: P,her2_status: N,clinical_t_stage: T4,clinical_nodal_status: N1,clinical_ajcc_stage: IIIB,grade: NA,pathologic_response_pcr_rd: RD,pathologic_response_rcb_class: RCB-III,drfs_1_event_0_censored: 0,drfs_even_time_years: 4.12320328542094,type_taxane: Taxol,esr1_status: P,erbb2_status: N,set_class: SET-Low,chemosensitivity_prediction: Rx Insensitive,ggi_class: Low,pam50_class: LumA,dlda30_prediction: RD,rcb_0_i_prediction: RCB-0/I,tissue: breast cancer tumor
GSM615792,sample id: PERU21,source: LBJ/IN/GEI,age_years: 36.0,er_status_ihc: P,pr_status_ihc: P,her2_status: N,clinical_t_stage: T3,clinical_nodal_status: N0,clinical_ajcc_stage: IIIA,grade: NA,pathologic_response_pcr_rd: RD,pathologic_response_rcb_class: RCB-III,drfs_1_event_0_censored: 0,drfs_even_time_years: 3.90965092402464,type_taxane: Taxol,esr1_status: P,erbb2_status: N,set_class: SET-Low,chemosensitivity_prediction: Rx Sensitive,ggi_class: High,pam50_class: LumB,dlda30_prediction: RD,rcb_0_i_prediction: RCB-0/I,tissue: breast cancer tumor
GSM615793,sample id: PERU23,source: LBJ/IN/GEI,age_years: 53.0,er_status_ihc: N,pr_status_ihc: N,her2_status: N,clinical_t_stage: T4,clinical_nodal_status: N0,clinical_ajcc_stage: IIIB,grade: NA,pathologic_response_pcr_rd: pCR,pathologic_response_rcb_class: RCB-0/I,drfs_1_event_0_censored: 0,drfs_even_time_years: 2.97878165639973,type_taxane: Taxol,esr1_status: N,erbb2_status: N,set_class: SET-Low,chemosensitivity_prediction: Rx Insensitive,ggi_class: High,pam50_class: Her2,dlda30_prediction: pCR,rcb_0_i_prediction: RCB-II/III,tissue: breast cancer tumor
GSM615794,sample id: PERU26,source: LBJ/IN/GEI,age_years: 66.0,er_status_ihc: P,pr_status_ihc: P,her2_status: N,clinical_t_stage: T2,clinical_nodal_status: N2,clinical_ajcc_stage: IIIB,grade: 2,pathologic_response_pcr_rd: RD,pathologic_response_rcb_class: RCB-III,drfs_1_event_0_censored: 1,drfs_even_time_years: 3.35386721423682,type_taxane: Taxol,esr1_status: N,erbb2_status: N,set_class: SET-Low,chemosensitivity_prediction: Rx Insensitive,ggi_class: Low,pam50_class: Basal,dlda30_prediction: pCR,rcb_0_i_prediction: RCB-II/III,tissue: breast cancer tumor
GSM615795,sample id: PERU28,source: LBJ/IN/GEI,age_years: 39.0,er_status_ihc: P,pr_status_ihc: P,her2_status: N,clinical_t_stage: T2,clinical_nodal_status: N1,clinical_ajcc_stage: IIIB,grade: 2,pathologic_response_pcr_rd: RD,pathologic_response_rcb_class: RCB-III,drfs_1_event_0_censored: 1,drfs_even_time_years: 0.818617385352498,type_taxane: Taxol,esr1_status: P,erbb2_status: N,set_class: SET-Low,chemosensitivity_prediction: Rx Insensitive,ggi_class: Low,pam50_class: LumB,dlda30_prediction: RD,rcb_0_i_prediction: RCB-II/III,tissue: breast cancer tumor
GSM615796,sample id: PERU37,source: LBJ/IN/GEI,age_years: 48.0,er_status_ihc: P,pr_status_ihc: N,her2_status: N,clinical_t_stage: T4,clinical_nodal_status: N2,clinical_ajcc_stage: IIIB,grade: 2,pathologic_response_pcr_rd: RD,pathologic_response_rcb_class: RCB-III,drfs_1_event_0_censored: 1,drfs_even_time_years: 2.90759753593429,type_taxane: Taxol,esr1_status: P,erbb2_status: P,set_class: SET-Low,chemosensitivity_prediction: Rx Insensitive,ggi_class: High,pam50_class: Her2,dlda30_prediction: RD,rcb_0_i_prediction: RCB-0/I,tissue: breast cancer tumor
GSM615797,sample id: PERU38,source: LBJ/IN/GEI,age_years: 52.0,er_status_ihc: P,pr_status_ihc: P,her2_status: N,clinical_t_stage: T4,clinical_nodal_status: N1,clinical_ajcc_stage: IIIB,grade: 2,pathologic_response_pcr_rd: RD,pathologic_response_rcb_class: RCB-III,drfs_1_event_0_censored: 0,drfs_even_time_years: 3.4798083504449,type_taxane: Taxol,esr1_status: P,erbb2_status: P,set_class: SET-Low,chemosensitivity_prediction: Rx Sensitive,ggi_class: High,pam50_class: LumA,dlda30_prediction: RD,rcb_0_i_prediction: RCB-0/I,tissue: breast cancer tumor
GSM615798,sample id: PERU40,source: LBJ/IN/GEI,age_years: 40.0,er_status_ihc: P,pr_status_ihc: P,her2_status: N,clinical_t_stage: T3,clinical_nodal_status: N1,clinical_ajcc_stage: IIIA,grade: 3,pathologic_response_pcr_rd: pCR,pathologic_response_rcb_class: RCB-0/I,drfs_1_event_0_censored: 0,drfs_even_time_years: 3.40862422997947,type_taxane: Taxol,esr1_status: N,erbb2_status: N,set_class: SET-Low,chemosensitivity_prediction: Rx Insensitive,ggi_class: High,pam50_class: Basal,dlda30_prediction: pCR,rcb_0_i_prediction: RCB-II/III,tissue: breast cancer tumor
GSM615799,sample id: PERU42,source: LBJ/IN/GEI,age_years: 42.0,er_status_ihc: P,pr_status_ihc: P,her2_status: N,clinical_t_stage: T4,clinical_nodal_status: N2,clinical_ajcc_stage: IIIB,grade: NA,pathologic_response_pcr_rd: RD,pathologic_response_rcb_class: NA,drfs_1_event_0_censored: 0,drfs_even_time_years: 3.4798083504449,type_taxane: Taxol,esr1_status: P,erbb2_status: N,set_class: SET-Low,chemosensitivity_prediction: Rx Insensitive,ggi_class: High,pam50_class: LumA,dlda30_prediction: RD,rcb_0_i_prediction: RCB-II/III,tissue: breast cancer tumor
GSM615800,sample id: PERU44,source: LBJ/IN/GEI,age_years: 40.0,er_status_ihc: N,pr_status_ihc: N,her2_status: N,clinical_t_stage: T4,clinical_nodal_status: N0,clinical_ajcc_stage: IIIB,grade: 3,pathologic_response_pcr_rd: RD,pathologic_response_rcb_class: RCB-III,drfs_1_event_0_censored: 1,drfs_even_time_years: 0.876112251882272,type_taxane: Taxol,esr1_status: N,erbb2_status: N,set_class: SET-Low,chemosensitivity_prediction: Rx Sensitive,ggi_class: High,pam50_class: Basal,dlda30_prediction: pCR,rcb_0_i_prediction: RCB-0/I,tissue: breast cancer tumor
GSM615801,sample id: PERU48,source: LBJ/IN/GEI,age_years: 59.0,er_status_ihc: N,pr_status_ihc: N,her2_status: N,clinical_t_stage: T4,clinical_nodal_status: N3,clinical_ajcc_stage: IIIC,grade: 2,pathologic_response_pcr_rd: RD,pathologic_response_rcb_class: RCB-III,drfs_1_event_0_censored: 1,drfs_even_time_years: 2.6694045174538,type_taxane: Taxol,esr1_status: N,erbb2_status: N,set_class: SET-Low,chemosensitivity_prediction: Rx Insensitive,ggi_class: High,pam50_class: Basal,dlda30_prediction: pCR,rcb_0_i_prediction: RCB-II/III,tissue: breast cancer tumor
GSM615802,sample id: PERU50,source: LBJ/IN/GEI,age_years: 44.0,er_status_ihc: P,pr_status_ihc: P,her2_status: N,clinical_t_stage: T2,clinical_nodal_status: N2,clinical_ajcc_stage: IIIA,grade: NA,pathologic_response_pcr_rd: pCR,pathologic_response_rcb_class: RCB-0/I,drfs_1_event_0_censored: 0,drfs_even_time_years: 3.31006160164271,type_taxane: Taxol,esr1_status: P,erbb2_status: N,set_class: SET-Low,chemosensitivity_prediction: Rx Insensitive,ggi_class: High,pam50_class: LumB,dlda30_prediction: RD,rcb_0_i_prediction: RCB-II/III,tissue: breast cancer tumor
GSM615803,sample id: PERU52,source: LBJ/IN/GEI,age_years: 58.0,er_status_ihc: N,pr_status_ihc: N,her2_status: N,clinical_t_stage: T4,clinical_nodal_status: N1,clinical_ajcc_stage: IIIB,grade: NA,pathologic_response_pcr_rd: pCR,pathologic_response_rcb_class: RCB-0/I,drfs_1_event_0_censored: 0,drfs_even_time_years: 3.24709103353867,type_taxane: Taxol,esr1_status: N,erbb2_status: P,set_class: SET-Low,chemosensitivity_prediction: Rx Sensitive,ggi_class: High,pam50_class: Her2,dlda30_prediction: pCR,rcb_0_i_prediction: RCB-0/I,tissue: breast cancer tumor
GSM615804,sample id: PERU53,source: LBJ/IN/GEI,age_years: 35.0,er_status_ihc: N,pr_status_ihc: N,her2_status: N,clinical_t_stage: T3,clinical_nodal_status: N1,clinical_ajcc_stage: IIIA,grade: 3,pathologic_response_pcr_rd: RD,pathologic_response_rcb_class: RCB-II,drfs_1_event_0_censored: 0,drfs_even_time_years: 3.12662559890486,type_taxane: Taxol,esr1_status: N,erbb2_status: N,set_class: SET-Low,chemosensitivity_prediction: Rx Insensitive,ggi_class: Low,pam50_class: Basal,dlda30_prediction: pCR,rcb_0_i_prediction: RCB-0/I,tissue: breast cancer tumor
GSM615805,sample id: PERU54,source: LBJ/IN/GEI,age_years: 63.0,er_status_ihc: N,pr_status_ihc: N,her2_status: N,clinical_t_stage: T2,clinical_nodal_status: N1,clinical_ajcc_stage: IIIB,grade: NA,pathologic_response_pcr_rd: RD,pathologic_response_rcb_class: NA,drfs_1_event_0_censored: 1,drfs_even_time_years: 0.824093086926763,type_taxane: Taxol,esr1_status: N,erbb2_status: P,set_class: SET-Low,chemosensitivity_prediction: Rx Insensitive,ggi_class: High,pam50_class: Her2,dlda30_prediction: pCR,rcb_0_i_prediction: RCB-II/III,tissue: breast cancer tumor
GSM615806,sample id: PERU56,source: LBJ/IN/GEI,age_years: 44.0,er_status_ihc: N,pr_status_ihc: N,her2_status: N,clinical_t_stage: T4,clinical_nodal_status: N2,clinical_ajcc_stage: IIIB,grade: NA,pathologic_response_pcr_rd: RD,pathologic_response_rcb_class: RCB-III,drfs_1_event_0_censored: 1,drfs_even_time_years: 0.531143052703628,type_taxane: Taxol,esr1_status: N,erbb2_status: N,set_class: SET-Low,chemosensitivity_prediction: Rx Insensitive,ggi_class: Low,pam50_class: Basal,dlda30_prediction: pCR,rcb_0_i_prediction: RCB-II/III,tissue: breast cancer tumor
GSM615807,sample id: PERU57,source: LBJ/IN/GEI,age_years: 41.0,er_status_ihc: P,pr_status_ihc: P,her2_status: N,clinical_t_stage: T2,clinical_nodal_status: N1,clinical_ajcc_stage: IIIB,grade: 1,pathologic_response_pcr_rd: RD,pathologic_response_rcb_class: RCB-III,drfs_1_event_0_censored: 0,drfs_even_time_years: 3.90965092402464,type_taxane: Taxol,esr1_status: P,erbb2_status: N,set_class: SET-Int,chemosensitivity_prediction: Rx Sensitive,ggi_class: Low,pam50_class: LumA,dlda30_prediction: RD,rcb_0_i_prediction: RCB-II/III,tissue: breast cancer tumor
GSM615808,sample id: PERU61,source: LBJ/IN/GEI,age_years: 69.0,er_status_ihc: P,pr_status_ihc: P,her2_status: N,clinical_t_stage: T4,clinical_nodal_status: N1,clinical_ajcc_stage: IIIB,grade: 3,pathologic_response_pcr_rd: RD,pathologic_response_rcb_class: RCB-II,drfs_1_event_0_censored: 0,drfs_even_time_years: 3.13757700205339,type_taxane: Taxol,esr1_status: P,erbb2_status: N,set_class: SET-Low,chemosensitivity_prediction: Rx Insensitive,ggi_class: Low,pam50_class: LumB,dlda30_prediction: RD,rcb_0_i_prediction: RCB-II/III,tissue: breast cancer tumor
GSM615809,sample id: PERU69,source: LBJ/IN/GEI,age_years: 53.0,er_status_ihc: P,pr_status_ihc: N,her2_status: N,clinical_t_stage: T4,clinical_nodal_status: N2,clinical_ajcc_stage: IIIB,grade: 2,pathologic_response_pcr_rd: RD,pathologic_response_rcb_class: RCB-III,drfs_1_event_0_censored: 0,drfs_even_time_years: 3.1813826146475,type_taxane: Taxol,esr1_status: P,erbb2_status: N,set_class: SET-Low,chemosensitivity_prediction: Rx Insensitive,ggi_class: High,pam50_class: LumB,dlda30_prediction: RD,rcb_0_i_prediction: RCB-II/III,tissue: breast cancer tumor
GSM615810,sample id: PERU72,source: LBJ/IN/GEI,age_years: 37.0,er_status_ihc: P,pr_status_ihc: P,her2_status: N,clinical_t_stage: T4,clinical_nodal_status: N2,clinical_ajcc_stage: IIIB,grade: 3,pathologic_response_pcr_rd: RD,pathologic_response_rcb_class: RCB-III,drfs_1_event_0_censored: 1,drfs_even_time_years: 2.13552361396304,type_taxane: Taxol,esr1_status: P,erbb2_status: N,set_class: SET-Low,chemosensitivity_prediction: Rx Insensitive,ggi_class: High,pam50_class: LumA,dlda30_prediction: RD,rcb_0_i_prediction: RCB-0/I,tissue: breast cancer tumor
GSM615811,sample id: PERU73,source: LBJ/IN/GEI,age_years: 61.0,er_status_ihc: P,pr_status_ihc: P,her2_status: N,clinical_t_stage: T3,clinical_nodal_status: N2,clinical_ajcc_stage: IIIA,grade: 3,pathologic_response_pcr_rd: RD,pathologic_response_rcb_class: RCB-III,drfs_1_event_0_censored: 0,drfs_even_time_years: 3.41957563312799,type_taxane: Taxol,esr1_status: P,erbb2_status: N,set_class: SET-Low,chemosensitivity_prediction: Rx Insensitive,ggi_class: Low,pam50_class: LumA,dlda30_prediction: RD,rcb_0_i_prediction: RCB-0/I,tissue: breast cancer tumor
GSM615812,sample id: PERU76,source: LBJ/IN/GEI,age_years: 51.0,er_status_ihc: N,pr_status_ihc: N,her2_status: N,clinical_t_stage: T4,clinical_nodal_status: N2,clinical_ajcc_stage: IIIB,grade: NA,pathologic_response_pcr_rd: RD,pathologic_response_rcb_class: RCB-III,drfs_1_event_0_censored: 1,drfs_even_time_years: 2.17932922655715,type_taxane: Taxol,esr1_status: N,erbb2_status: N,set_class: SET-Low,chemosensitivity_prediction: Rx Insensitive,ggi_class: High,pam50_class: Her2,dlda30_prediction: pCR,rcb_0_i_prediction: RCB-II/III,tissue: breast cancer tumor
GSM615813,sample id: Spain04,source: LBJ/IN/GEI,age_years: 68.0,er_status_ihc: N,pr_status_ihc: N,her2_status: N,clinical_t_stage: T3,clinical_nodal_status: N0,clinical_ajcc_stage: IIB,grade: 3,pathologic_response_pcr_rd: RD,pathologic_response_rcb_class: RCB-II,drfs_1_event_0_censored: 0,drfs_even_time_years: 3.7015742642026,type_taxane: Taxol,esr1_status: N,erbb2_status: N,set_class: SET-Low,chemosensitivity_prediction: Rx Insensitive,ggi_class: High,pam50_class: Basal,dlda30_prediction: pCR,rcb_0_i_prediction: RCB-0/I,tissue: breast cancer tumor
GSM615814,sample id: Spain06,source: LBJ/IN/GEI,age_years: 67.0,er_status_ihc: P,pr_status_ihc: P,her2_status: N,clinical_t_stage: T2,clinical_nodal_status: N0,clinical_ajcc_stage: IIA,grade: 2,pathologic_response_pcr_rd: RD,pathologic_response_rcb_class: RCB-II,drfs_1_event_0_censored: 0,drfs_even_time_years: 3.66872005475702,type_taxane: Taxol,esr1_status: P,erbb2_status: N,set_class: SET-Low,chemosensitivity_prediction: Rx Insensitive,ggi_class: Low,pam50_class: LumB,dlda30_prediction: RD,rcb_0_i_prediction: RCB-II/III,tissue: breast cancer tumor
GSM615815,sample id: Spain07,source: LBJ/IN/GEI,age_years: 37.0,er_status_ihc: P,pr_status_ihc: P,her2_status: N,clinical_t_stage: T2,clinical_nodal_status: N0,clinical_ajcc_stage: IIA,grade: 2,pathologic_response_pcr_rd: RD,pathologic_response_rcb_class: RCB-II,drfs_1_event_0_censored: 0,drfs_even_time_years: 3.81382614647502,type_taxane: Taxol,esr1_status: N,erbb2_status: N,set_class: SET-Low,chemosensitivity_prediction: Rx Insensitive,ggi_class: Low,pam50_class: Basal,dlda30_prediction: RD,rcb_0_i_prediction: RCB-0/I,tissue: breast cancer tumor
GSM615816,sample id: Spain12,source: LBJ/IN/GEI,age_years: 60.0,er_status_ihc: P,pr_status_ihc: P,her2_status: N,clinical_t_stage: T2,clinical_nodal_status: N0,clinical_ajcc_stage: IIA,grade: 1,pathologic_response_pcr_rd: RD,pathologic_response_rcb_class: RCB-II,drfs_1_event_0_censored: 0,drfs_even_time_years: 3.38124572210815,type_taxane: Taxol,esr1_status: P,erbb2_status: N,set_class: SET-Low,chemosensitivity_prediction: Rx Insensitive,ggi_class: Low,pam50_class: LumA,dlda30_prediction: RD,rcb_0_i_prediction: RCB-II/III,tissue: breast cancer tumor
GSM615817,sample id: Spain13,source: LBJ/IN/GEI,age_years: 42.0,er_status_ihc: P,pr_status_ihc: P,her2_status: N,clinical_t_stage: T3,clinical_nodal_status: N0,clinical_ajcc_stage: IIB,grade: 1,pathologic_response_pcr_rd: RD,pathologic_response_rcb_class: RCB-II,drfs_1_event_0_censored: 0,drfs_even_time_years: 3.63039014373717,type_taxane: Taxol,esr1_status: P,erbb2_status: N,set_class: SET-Int,chemosensitivity_prediction: Rx Sensitive,ggi_class: Low,pam50_class: Normal,dlda30_prediction: RD,rcb_0_i_prediction: RCB-II/III,tissue: breast cancer tumor
GSM615818,sample id: Spain27,source: LBJ/IN/GEI,age_years: 61.0,er_status_ihc: P,pr_status_ihc: P,her2_status: N,clinical_t_stage: T2,clinical_nodal_status: N0,clinical_ajcc_stage: IIA,grade: 2,pathologic_response_pcr_rd: RD,pathologic_response_rcb_class: NA,drfs_1_event_0_censored: 0,drfs_even_time_years: 2.93223819301848,type_taxane: Taxol,esr1_status: P,erbb2_status: N,set_class: SET-Low,chemosensitivity_prediction: Rx Insensitive,ggi_class: Low,pam50_class: LumA,dlda30_prediction: RD,rcb_0_i_prediction: RCB-II/III,tissue: breast cancer tumor
GSM615819,sample id: Spain30,source: LBJ/IN/GEI,age_years: 39.0,er_status_ihc: P,pr_status_ihc: N,her2_status: N,clinical_t_stage: T2,clinical_nodal_status: N2,clinical_ajcc_stage: IIIA,grade: 2,pathologic_response_pcr_rd: RD,pathologic_response_rcb_class: NA,drfs_1_event_0_censored: 0,drfs_even_time_years: 3.00616016427105,type_taxane: Taxol,esr1_status: P,erbb2_status: N,set_class: SET-Low,chemosensitivity_prediction: Rx Insensitive,ggi_class: Low,pam50_class: LumA,dlda30_prediction: RD,rcb_0_i_prediction: RCB-II/III,tissue: breast cancer tumor
GSM615820,sample id: Spain32,source: LBJ/IN/GEI,age_years: 42.0,er_status_ihc: P,pr_status_ihc: P,her2_status: N,clinical_t_stage: T3,clinical_nodal_status: N1,clinical_ajcc_stage: IIIA,grade: 2,pathologic_response_pcr_rd: RD,pathologic_response_rcb_class: RCB-II,drfs_1_event_0_censored: 1,drfs_even_time_years: 1.21286789869952,type_taxane: Taxol,esr1_status: P,erbb2_status: N,set_class: SET-Low,chemosensitivity_prediction: Rx Insensitive,ggi_class: Low,pam50_class: LumA,dlda30_prediction: RD,rcb_0_i_prediction: RCB-II/III,tissue: breast cancer tumor
GSM615821,sample id: Spain41,source: LBJ/IN/GEI,age_years: 64.0,er_status_ihc: P,pr_status_ihc: P,her2_status: N,clinical_t_stage: T3,clinical_nodal_status: N1,clinical_ajcc_stage: IIIA,grade: 3,pathologic_response_pcr_rd: RD,pathologic_response_rcb_class: RCB-II,drfs_1_event_0_censored: 1,drfs_even_time_years: 2.76522929500342,type_taxane: Taxol,esr1_status: P,erbb2_status: N,set_class: SET-Low,chemosensitivity_prediction: Rx Insensitive,ggi_class: High,pam50_class: LumB,dlda30_prediction: RD,rcb_0_i_prediction: RCB-II/III,tissue: breast cancer tumor
GSM615822,sample id: Spain45,source: LBJ/IN/GEI,age_years: 56.0,er_status_ihc: P,pr_status_ihc: N,her2_status: N,clinical_t_stage: T4,clinical_nodal_status: N1,clinical_ajcc_stage: IIIB,grade: NA,pathologic_response_pcr_rd: pCR,pathologic_response_rcb_class: RCB-0/I,drfs_1_event_0_censored: 0,drfs_even_time_years: 2.74332648870637,type_taxane: Taxol,esr1_status: P,erbb2_status: N,set_class: SET-Low,chemosensitivity_prediction: Rx Insensitive,ggi_class: High,pam50_class: Her2,dlda30_prediction: RD,rcb_0_i_prediction: RCB-0/I,tissue: breast cancer tumor
GSM615823,sample id: Spain46,source: LBJ/IN/GEI,age_years: 45.0,er_status_ihc: N,pr_status_ihc: N,her2_status: N,clinical_t_stage: T3,clinical_nodal_status: N1,clinical_ajcc_stage: IIIA,grade: 3,pathologic_response_pcr_rd: RD,pathologic_response_rcb_class: RCB-III,drfs_1_event_0_censored: 1,drfs_even_time_years: 2.29979466119096,type_taxane: Taxol,esr1_status: P,erbb2_status: N,set_class: SET-Int,chemosensitivity_prediction: Rx Sensitive,ggi_class: High,pam50_class: Her2,dlda30_prediction: RD,rcb_0_i_prediction: RCB-II/III,tissue: breast cancer tumor
GSM615824,sample id: Spain48,source: LBJ/IN/GEI,age_years: 46.0,er_status_ihc: N,pr_status_ihc: N,her2_status: N,clinical_t_stage: T2,clinical_nodal_status: N0,clinical_ajcc_stage: IIA,grade: 3,pathologic_response_pcr_rd: pCR,pathologic_response_rcb_class: RCB-0/I,drfs_1_event_0_censored: 0,drfs_even_time_years: 3.17590691307324,type_taxane: Taxol,esr1_status: P,erbb2_status: N,set_class: SET-Low,chemosensitivity_prediction: Rx Insensitive,ggi_class: Low,pam50_class: Normal,dlda30_prediction: RD,rcb_0_i_prediction: RCB-II/III,tissue: breast cancer tumor
GSM615825,sample id: Spain49,source: LBJ/IN/GEI,age_years: 42.0,er_status_ihc: P,pr_status_ihc: P,her2_status: N,clinical_t_stage: T2,clinical_nodal_status: N1,clinical_ajcc_stage: IIB,grade: 3,pathologic_response_pcr_rd: RD,pathologic_response_rcb_class: RCB-III,drfs_1_event_0_censored: 0,drfs_even_time_years: 2.45037645448323,type_taxane: Taxol,esr1_status: P,erbb2_status: N,set_class: SET-Low,chemosensitivity_prediction: Rx Sensitive,ggi_class: High,pam50_class: LumA,dlda30_prediction: RD,rcb_0_i_prediction: RCB-0/I,tissue: breast cancer tumor
GSM615826,sample id: Spain51,source: LBJ/IN/GEI,age_years: 44.0,er_status_ihc: N,pr_status_ihc: P,her2_status: N,clinical_t_stage: T3,clinical_nodal_status: N1,clinical_ajcc_stage: IIIA,grade: 1,pathologic_response_pcr_rd: RD,pathologic_response_rcb_class: RCB-II,drfs_1_event_0_censored: 0,drfs_even_time_years: 3.1813826146475,type_taxane: Taxol,esr1_status: P,erbb2_status: N,set_class: SET-Int,chemosensitivity_prediction: Rx Sensitive,ggi_class: Low,pam50_class: LumA,dlda30_prediction: RD,rcb_0_i_prediction: RCB-II/III,tissue: breast cancer tumor
GSM615827,sample id: Spain53,source: LBJ/IN/GEI,age_years: 71.0,er_status_ihc: N,pr_status_ihc: N,her2_status: N,clinical_t_stage: T2,clinical_nodal_status: N1,clinical_ajcc_stage: IIB,grade: 3,pathologic_response_pcr_rd: RD,pathologic_response_rcb_class: RCB-II,drfs_1_event_0_censored: 0,drfs_even_time_years: 3.19507186858316,type_taxane: Taxol,esr1_status: N,erbb2_status: N,set_class: SET-Low,chemosensitivity_prediction: Rx Insensitive,ggi_class: Low,pam50_class: Normal,dlda30_prediction: pCR,rcb_0_i_prediction: RCB-II/III,tissue: breast cancer tumor
GSM615828,sample id: Spain57,source: LBJ/IN/GEI,age_years: 45.0,er_status_ihc: N,pr_status_ihc: N,her2_status: N,clinical_t_stage: T2,clinical_nodal_status: N0,clinical_ajcc_stage: IIA,grade: 1,pathologic_response_pcr_rd: RD,pathologic_response_rcb_class: RCB-II,drfs_1_event_0_censored: 0,drfs_even_time_years: 3.08281998631075,type_taxane: Taxol,esr1_status: P,erbb2_status: N,set_class: SET-Low,chemosensitivity_prediction: Rx Insensitive,ggi_class: High,pam50_class: LumA,dlda30_prediction: RD,rcb_0_i_prediction: RCB-II/III,tissue: breast cancer tumor
